gpu,dataset,algorithm,epochs,batch_size,raw_images,resolution_y,resolution_x,N,io_load_time_s,setup_time_s,task_setup_time_s,reconstruction_run_time_s,save_time_s,total_time_s,log_file,power_duration_s,power_avg_w,power_min_w,power_max_w,power_energy_j,power_samples,power_csv,input_pixels,io_stage_s,prep_stage_s,pre_recon_s,num_batches,warmup_epoch,flops_per_image_epoch,flops_per_image_epoch_gflops,total_recon_gflops,fit_reconstruction
A100,R1000,ad_ptycho,1,1000,1000,64,64,64,0.308606,0.004712,0.074784,0.454811,0.0,0.843508,/home/zhong.zheng/pty-chi/modeling_exp/A100/R1000/ad_ptycho/e1_bs1000.log,0.64,33.792,31.6,37.6,20.936999999999998,5,/home/zhong.zheng/pty-chi/modeling_exp/A100/R1000/ad_ptycho/e1_bs1000_power.csv,4096000,0.308606,0.079496,0.388102,1,True,1720320.0,0.00172032,1.72032,False
A100,R1000,ad_ptycho,2,1000,1000,64,64,64,0.302975,0.004683,0.069213,0.336062,0.0,0.713567,/home/zhong.zheng/pty-chi/modeling_exp/A100/R1000/ad_ptycho/e2_bs1000.log,0.43,33.542500000000004,31.5,34.99,13.766000000000002,4,/home/zhong.zheng/pty-chi/modeling_exp/A100/R1000/ad_ptycho/e2_bs1000_power.csv,4096000,0.302975,0.07389599999999999,0.37687099999999996,1,False,1720320.0,0.00172032,3.44064,True
A100,R1000,ad_ptycho,4,1000,1000,64,64,64,0.306925,0.004757,0.091618,0.427703,0.0,0.831787,/home/zhong.zheng/pty-chi/modeling_exp/A100/R1000/ad_ptycho/e4_bs1000.log,0.63,33.736,31.6,36.66,20.589999999999996,5,/home/zhong.zheng/pty-chi/modeling_exp/A100/R1000/ad_ptycho/e4_bs1000_power.csv,4096000,0.306925,0.096375,0.4033,1,False,1720320.0,0.00172032,6.88128,True
A100,R1000,ad_ptycho,6,1000,1000,64,64,64,0.531235,0.004769,0.077827,0.537833,0.0,1.152199,/home/zhong.zheng/pty-chi/modeling_exp/A100/R1000/ad_ptycho/e6_bs1000.log,0.63,40.364,31.5,63.83,24.278,5,/home/zhong.zheng/pty-chi/modeling_exp/A100/R1000/ad_ptycho/e6_bs1000_power.csv,4096000,0.531235,0.08259599999999999,0.613831,1,False,1720320.0,0.00172032,10.32192,True
A100,R1000,bh,1,1000,1000,64,64,64,0.306019,0.00482,0.077203,0.796759,0.0,1.185405,/home/zhong.zheng/pty-chi/modeling_exp/A100/R1000/bh/e1_bs1000.log,1.04,33.98571428571429,31.5,38.87,34.756,7,/home/zhong.zheng/pty-chi/modeling_exp/A100/R1000/bh/e1_bs1000_power.csv,4096000,0.306019,0.082023,0.388042,1,True,1146880.0,0.00114688,1.14688,False
A100,R1000,bh,2,1000,1000,64,64,64,0.312354,0.004636,0.089925,0.417073,0.0,0.824577,/home/zhong.zheng/pty-chi/modeling_exp/A100/R1000/bh/e2_bs1000.log,0.65,32.791999999999994,31.5,34.03,19.985000000000003,5,/home/zhong.zheng/pty-chi/modeling_exp/A100/R1000/bh/e2_bs1000_power.csv,4096000,0.312354,0.094561,0.406915,1,False,1146880.0,0.00114688,2.29376,True
A100,R1000,bh,4,1000,1000,64,64,64,0.304873,0.004723,0.078154,0.4495,0.0,0.837998,/home/zhong.zheng/pty-chi/modeling_exp/A100/R1000/bh/e4_bs1000.log,0.64,33.098,31.41,35.51,20.124,5,/home/zhong.zheng/pty-chi/modeling_exp/A100/R1000/bh/e4_bs1000_power.csv,4096000,0.304873,0.082877,0.38775,1,False,1146880.0,0.00114688,4.58752,True
A100,R1000,bh,6,1000,1000,64,64,64,0.632732,0.004705,0.070895,0.523448,0.0,1.232389,/home/zhong.zheng/pty-chi/modeling_exp/A100/R1000/bh/e6_bs1000.log,0.64,38.346000000000004,33.34,54.12,22.932000000000002,5,/home/zhong.zheng/pty-chi/modeling_exp/A100/R1000/bh/e6_bs1000_power.csv,4096000,0.632732,0.0756,0.708332,1,False,1146880.0,0.00114688,6.88128,True
A100,R1000,dm,1,1000,1000,64,64,64,0.304914,0.006068,0.086666,0.287312,0.0,0.685649,/home/zhong.zheng/pty-chi/modeling_exp/A100/R1000/dm/e1_bs1000.log,0.44,34.3075,31.6,37.31,13.963999999999999,4,/home/zhong.zheng/pty-chi/modeling_exp/A100/R1000/dm/e1_bs1000_power.csv,4096000,0.304914,0.09273400000000001,0.39764800000000006,1,True,1474560.0,0.00147456,1.47456,False
A100,R1000,dm,2,1000,1000,64,64,64,0.305773,0.005298,0.095102,0.299656,0.0,0.706418,/home/zhong.zheng/pty-chi/modeling_exp/A100/R1000/dm/e2_bs1000.log,0.44,32.86,31.5,34.31,13.767199999999999,4,/home/zhong.zheng/pty-chi/modeling_exp/A100/R1000/dm/e2_bs1000_power.csv,4096000,0.305773,0.1004,0.40617300000000006,1,False,1474560.0,0.00147456,2.94912,True
A100,R1000,dm,4,1000,1000,64,64,64,0.307874,0.00534,0.069591,0.418102,0.0,0.801495,/home/zhong.zheng/pty-chi/modeling_exp/A100/R1000/dm/e4_bs1000.log,0.64,37.404,33.72,47.34,22.548,5,/home/zhong.zheng/pty-chi/modeling_exp/A100/R1000/dm/e4_bs1000_power.csv,4096000,0.307874,0.074931,0.382805,1,False,1474560.0,0.00147456,5.89824,True
A100,R1000,dm,6,1000,1000,64,64,64,0.306937,0.006187,0.088549,0.519398,0.0,0.921731,/home/zhong.zheng/pty-chi/modeling_exp/A100/R1000/dm/e6_bs1000.log,0.63,33.412,31.41,36.97,20.292,5,/home/zhong.zheng/pty-chi/modeling_exp/A100/R1000/dm/e6_bs1000_power.csv,4096000,0.306937,0.094736,0.401673,1,False,1474560.0,0.00147456,8.84736,True
A100,R1000,lsqml,1,1000,1000,64,64,64,0.307716,0.004872,0.078182,0.264952,0.0,0.656527,/home/zhong.zheng/pty-chi/modeling_exp/A100/R1000/lsqml/e1_bs1000.log,0.44,33.589999999999996,31.5,34.79,13.765,4,/home/zhong.zheng/pty-chi/modeling_exp/A100/R1000/lsqml/e1_bs1000_power.csv,4096000,0.307716,0.083054,0.39076999999999995,1,True,983040.0,0.00098304,0.98304,False
A100,R1000,lsqml,2,1000,1000,64,64,64,0.536307,0.004801,0.094038,0.458226,0.0,1.093958,/home/zhong.zheng/pty-chi/modeling_exp/A100/R1000/lsqml/e2_bs1000.log,0.65,37.446000000000005,33.44,49.05,22.509000000000004,5,/home/zhong.zheng/pty-chi/modeling_exp/A100/R1000/lsqml/e2_bs1000_power.csv,4096000,0.536307,0.098839,0.6351459999999999,1,False,983040.0,0.00098304,1.96608,True
A100,R1000,lsqml,4,1000,1000,64,64,64,0.532975,0.004888,0.078779,0.459981,0.0,1.077196,/home/zhong.zheng/pty-chi/modeling_exp/A100/R1000/lsqml/e4_bs1000.log,0.64,33.672000000000004,31.5,37.42,20.48,5,/home/zhong.zheng/pty-chi/modeling_exp/A100/R1000/lsqml/e4_bs1000_power.csv,4096000,0.532975,0.083667,0.616642,1,False,983040.0,0.00098304,3.93216,True
A100,R1000,lsqml,6,1000,1000,64,64,64,0.308642,0.004828,0.092726,0.550053,0.0,0.95688,/home/zhong.zheng/pty-chi/modeling_exp/A100/R1000/lsqml/e6_bs1000.log,0.84,34.458333333333336,31.41,39.74,28.205999999999996,6,/home/zhong.zheng/pty-chi/modeling_exp/A100/R1000/lsqml/e6_bs1000_power.csv,4096000,0.308642,0.097554,0.406196,1,False,983040.0,0.00098304,5.89824,True
A100,R1000,pie,1,1000,1000,64,64,64,2.031461,0.004689,0.501472,8.45391,0.0,10.992708,/home/zhong.zheng/pty-chi/modeling_exp/A100/R1000/pie/e1_bs1000.log,10.78,33.84018181818181,31.32,34.6,364.52624999999995,55,/home/zhong.zheng/pty-chi/modeling_exp/A100/R1000/pie/e1_bs1000_power.csv,4096000,2.031461,0.5061610000000001,2.5376220000000003,1,True,819200.0,0.0008192,0.8192,False
A100,R1000,pie,2,1000,1000,64,64,64,0.536746,0.004799,0.075742,10.693535,0.0,11.311431,/home/zhong.zheng/pty-chi/modeling_exp/A100/R1000/pie/e2_bs1000.log,10.85,34.64089285714285,31.51,35.92,375.19095,56,/home/zhong.zheng/pty-chi/modeling_exp/A100/R1000/pie/e2_bs1000_power.csv,4096000,0.536746,0.080541,0.6172869999999999,1,False,819200.0,0.0008192,1.6384,True
A100,R1000,pie,4,1000,1000,64,64,64,0.308666,0.004799,0.06391,21.191832,0.0,21.569988,/home/zhong.zheng/pty-chi/modeling_exp/A100/R1000/pie/e4_bs1000.log,21.27,34.63962962962963,33.52,37.49,735.3934,108,/home/zhong.zheng/pty-chi/modeling_exp/A100/R1000/pie/e4_bs1000_power.csv,4096000,0.308666,0.06870899999999999,0.377375,1,False,819200.0,0.0008192,3.2768,True
A100,R1000,pie,6,1000,1000,64,64,64,0.30158,0.004776,0.080376,31.432024,0.0,31.819608,/home/zhong.zheng/pty-chi/modeling_exp/A100/R1000/pie/e6_bs1000.log,31.66,34.590250000000005,32.0,37.21,1094.69245,160,/home/zhong.zheng/pty-chi/modeling_exp/A100/R1000/pie/e6_bs1000_power.csv,4096000,0.30158,0.085152,0.386732,1,False,819200.0,0.0008192,4.9152,True
A100,R12000,ad_ptycho,1,1000,12000,64,64,64,1.151754,0.004757,0.089754,1.001126,0.0,2.248134,/home/zhong.zheng/pty-chi/modeling_exp/A100/R12000/ad_ptycho/e1_bs1000.log,1.83,40.61545454545455,31.5,70.88,72.962,11,/home/zhong.zheng/pty-chi/modeling_exp/A100/R12000/ad_ptycho/e1_bs1000_power.csv,49152000,1.151754,0.094511,1.2462649999999997,12,True,1720320.0,0.00172032,20.64384,False
A100,R12000,ad_ptycho,2,1000,12000,64,64,64,1.148759,0.004672,0.095634,1.591484,0.0,2.841234,/home/zhong.zheng/pty-chi/modeling_exp/A100/R12000/ad_ptycho/e2_bs1000.log,2.43,38.82928571428571,31.5,52.96,93.946,14,/home/zhong.zheng/pty-chi/modeling_exp/A100/R12000/ad_ptycho/e2_bs1000_power.csv,49152000,1.148759,0.10030599999999999,1.249065,12,False,1720320.0,0.00172032,41.28768,True
A100,R12000,ad_ptycho,4,1000,12000,64,64,64,0.923783,0.004744,0.099737,2.726861,0.0,3.755815,/home/zhong.zheng/pty-chi/modeling_exp/A100/R12000/ad_ptycho/e4_bs1000.log,3.63,45.64399999999999,31.6,70.99,166.96699999999998,20,/home/zhong.zheng/pty-chi/modeling_exp/A100/R12000/ad_ptycho/e4_bs1000_power.csv,49152000,0.923783,0.104481,1.028264,12,False,1720320.0,0.00172032,82.57536,True
A100,R12000,ad_ptycho,6,1000,12000,64,64,64,1.143846,0.004714,0.092895,3.881272,0.0,5.123393,/home/zhong.zheng/pty-chi/modeling_exp/A100/R12000/ad_ptycho/e6_bs1000.log,4.63,46.6488,31.5,70.2,219.41999999999996,25,/home/zhong.zheng/pty-chi/modeling_exp/A100/R12000/ad_ptycho/e6_bs1000_power.csv,49152000,1.143846,0.097609,1.241455,12,False,1720320.0,0.00172032,123.86304,True
A100,R12000,bh,1,1000,12000,64,64,64,0.928745,0.004716,0.097788,0.96834,0.0,2.000621,/home/zhong.zheng/pty-chi/modeling_exp/A100/R12000/bh/e1_bs1000.log,1.83,38.78090909090909,31.5,66.87,70.58300000000001,11,/home/zhong.zheng/pty-chi/modeling_exp/A100/R12000/bh/e1_bs1000_power.csv,49152000,0.928745,0.102504,1.031249,12,True,1146880.0,0.00114688,13.76256,False
A100,R12000,bh,2,1000,12000,64,64,64,1.157593,0.004741,0.104788,1.535327,0.0,2.803059,/home/zhong.zheng/pty-chi/modeling_exp/A100/R12000/bh/e2_bs1000.log,2.43,42.09571428571428,31.5,63.4,102.78000000000002,14,/home/zhong.zheng/pty-chi/modeling_exp/A100/R12000/bh/e2_bs1000_power.csv,49152000,1.157593,0.109529,1.2671220000000003,12,False,1146880.0,0.00114688,27.52512,True
A100,R12000,bh,4,1000,12000,64,64,64,0.926976,0.004662,0.084321,2.692207,0.0,3.708779,/home/zhong.zheng/pty-chi/modeling_exp/A100/R12000/bh/e4_bs1000.log,3.43,45.264736842105265,31.5,77.17,155.928,19,/home/zhong.zheng/pty-chi/modeling_exp/A100/R12000/bh/e4_bs1000_power.csv,49152000,0.926976,0.08898299999999999,1.015959,12,False,1146880.0,0.00114688,55.05024,True
A100,R12000,bh,6,1000,12000,64,64,64,0.912454,0.004696,0.084459,3.814397,0.0,4.816744,/home/zhong.zheng/pty-chi/modeling_exp/A100/R12000/bh/e6_bs1000.log,4.63,47.6812,31.5,80.08,222.67200000000003,25,/home/zhong.zheng/pty-chi/modeling_exp/A100/R12000/bh/e6_bs1000_power.csv,49152000,0.912454,0.08915500000000001,1.001609,12,False,1146880.0,0.00114688,82.57536,True
A100,R12000,dm,1,1000,12000,64,64,64,0.914772,0.019327,0.106262,0.982903,0.0,2.024232,/home/zhong.zheng/pty-chi/modeling_exp/A100/R12000/dm/e1_bs1000.log,1.83,41.08,31.41,110.96,69.83000000000001,11,/home/zhong.zheng/pty-chi/modeling_exp/A100/R12000/dm/e1_bs1000_power.csv,49152000,0.914772,0.125589,1.040361,12,True,1474560.0,0.00147456,17.69472,False
A100,R12000,dm,2,1000,12000,64,64,64,0.920634,0.019361,0.085853,1.511408,0.0,2.537886,/home/zhong.zheng/pty-chi/modeling_exp/A100/R12000/dm/e2_bs1000.log,2.23,42.04846153846154,31.5,88.32,94.717,13,/home/zhong.zheng/pty-chi/modeling_exp/A100/R12000/dm/e2_bs1000_power.csv,49152000,0.920634,0.105214,1.0258479999999999,12,False,1474560.0,0.00147456,35.38944,True
A100,R12000,dm,4,1000,12000,64,64,64,0.921957,0.019495,0.088755,2.707289,0.0,3.738147,/home/zhong.zheng/pty-chi/modeling_exp/A100/R12000/dm/e4_bs1000.log,3.43,58.284210526315796,31.51,185.49,206.73000000000002,19,/home/zhong.zheng/pty-chi/modeling_exp/A100/R12000/dm/e4_bs1000_power.csv,49152000,0.921957,0.10825,1.030207,12,False,1474560.0,0.00147456,70.77888,True
A100,R12000,dm,6,1000,12000,64,64,64,0.929726,0.019574,0.085116,3.887702,0.0,4.922727,/home/zhong.zheng/pty-chi/modeling_exp/A100/R12000/dm/e6_bs1000.log,4.63,50.696000000000005,31.59,159.04,238.803,25,/home/zhong.zheng/pty-chi/modeling_exp/A100/R12000/dm/e6_bs1000_power.csv,49152000,0.929726,0.10469,1.034416,12,False,1474560.0,0.00147456,106.16832,True
A100,R12000,lsqml,1,1000,12000,64,64,64,0.918034,0.004895,0.099789,0.851443,0.0,1.874778,/home/zhong.zheng/pty-chi/modeling_exp/A100/R12000/lsqml/e1_bs1000.log,1.63,35.007999999999996,31.6,42.21,56.315,10,/home/zhong.zheng/pty-chi/modeling_exp/A100/R12000/lsqml/e1_bs1000_power.csv,49152000,0.918034,0.104684,1.022718,12,True,983040.0,0.00098304,11.79648,False
A100,R12000,lsqml,2,1000,12000,64,64,64,0.914199,0.003991,0.0945,1.501066,0.0,2.514346,/home/zhong.zheng/pty-chi/modeling_exp/A100/R12000/lsqml/e2_bs1000.log,2.23,38.94307692307692,31.5,67.05,85.09700000000001,13,/home/zhong.zheng/pty-chi/modeling_exp/A100/R12000/lsqml/e2_bs1000_power.csv,49152000,0.914199,0.098491,1.0126899999999999,12,False,983040.0,0.00098304,23.59296,True
A100,R12000,lsqml,4,1000,12000,64,64,64,0.926718,0.004861,0.085004,2.792779,0.0,3.811669,/home/zhong.zheng/pty-chi/modeling_exp/A100/R12000/lsqml/e4_bs1000.log,3.63,41.4065,31.49,70.16,150.108,20,/home/zhong.zheng/pty-chi/modeling_exp/A100/R12000/lsqml/e4_bs1000_power.csv,49152000,0.926718,0.089865,1.016583,12,False,983040.0,0.00098304,47.18592,True
A100,R12000,lsqml,6,1000,12000,64,64,64,0.922468,0.004033,0.099295,3.969121,0.0,4.995538,/home/zhong.zheng/pty-chi/modeling_exp/A100/R12000/lsqml/e6_bs1000.log,4.83,45.48423076923076,31.6,65.19,221.828,26,/home/zhong.zheng/pty-chi/modeling_exp/A100/R12000/lsqml/e6_bs1000_power.csv,49152000,0.922468,0.10332799999999999,1.025796,12,False,983040.0,0.00098304,70.77888,True
A100,R12000,pie,1,1000,12000,64,64,64,1.150895,0.004738,0.087208,63.75913,0.0,65.003349,/home/zhong.zheng/pty-chi/modeling_exp/A100/R12000/pie/e1_bs1000.log,64.69,34.790646153846154,31.5,40.6,2250.53935,325,/home/zhong.zheng/pty-chi/modeling_exp/A100/R12000/pie/e1_bs1000_power.csv,49152000,1.150895,0.091946,1.2428409999999999,12,True,819200.0,0.0008192,9.8304,False
A100,R12000,pie,2,1000,12000,64,64,64,1.149844,0.00475,0.089837,126.268012,0.0,127.513634,/home/zhong.zheng/pty-chi/modeling_exp/A100/R12000/pie/e2_bs1000.log,127.16,34.797770800627944,31.41,40.2,4424.843699999999,637,/home/zhong.zheng/pty-chi/modeling_exp/A100/R12000/pie/e2_bs1000_power.csv,49152000,1.149844,0.094587,1.244431,12,False,819200.0,0.0008192,19.6608,True
A100,R12000,pie,4,1000,12000,64,64,64,0.9207,0.004794,0.091368,252.546559,0.0,253.564326,/home/zhong.zheng/pty-chi/modeling_exp/A100/R12000/pie/e4_bs1000.log,253.29,34.787426992896606,31.41,41.05,8811.247599999999,1267,/home/zhong.zheng/pty-chi/modeling_exp/A100/R12000/pie/e4_bs1000_power.csv,49152000,0.9207,0.096162,1.016862,12,False,819200.0,0.0008192,39.3216,True
A100,R12000,pie,6,1000,12000,64,64,64,1.160888,0.004817,0.091407,379.690522,0.0,380.948854,/home/zhong.zheng/pty-chi/modeling_exp/A100/R12000/pie/e6_bs1000.log,380.43,34.777528916929555,31.5,40.38,13230.3264,1902,/home/zhong.zheng/pty-chi/modeling_exp/A100/R12000/pie/e6_bs1000_power.csv,49152000,1.160888,0.096224,1.257112,12,False,819200.0,0.0008192,58.9824,True
A100,R2000,ad_ptycho,1,1000,2000,64,64,64,0.583677,0.004665,0.070124,0.339722,0.0,0.99878,/home/zhong.zheng/pty-chi/modeling_exp/A100/R2000/ad_ptycho/e1_bs1000.log,0.63,37.586,31.42,56.17,22.543,5,/home/zhong.zheng/pty-chi/modeling_exp/A100/R2000/ad_ptycho/e1_bs1000_power.csv,8192000,0.583677,0.07478900000000001,0.658466,2,True,1720320.0,0.00172032,3.44064,False
A100,R2000,ad_ptycho,2,1000,2000,64,64,64,0.581444,0.004828,0.092957,0.438875,0.0,1.118701,/home/zhong.zheng/pty-chi/modeling_exp/A100/R2000/ad_ptycho/e2_bs1000.log,0.63,36.532,31.5,51.6,21.922,5,/home/zhong.zheng/pty-chi/modeling_exp/A100/R2000/ad_ptycho/e2_bs1000_power.csv,8192000,0.581444,0.097785,0.679229,2,False,1720320.0,0.00172032,6.88128,True
A100,R2000,ad_ptycho,4,1000,2000,64,64,64,0.346701,0.004775,0.080834,0.660592,0.0,1.093695,/home/zhong.zheng/pty-chi/modeling_exp/A100/R2000/ad_ptycho/e4_bs1000.log,0.83,38.35,31.5,59.43,32.888999999999996,6,/home/zhong.zheng/pty-chi/modeling_exp/A100/R2000/ad_ptycho/e4_bs1000_power.csv,8192000,0.346701,0.085609,0.43230999999999997,2,False,1720320.0,0.00172032,13.76256,True
A100,R2000,ad_ptycho,6,1000,2000,64,64,64,0.570137,0.00492,0.082675,0.85868,0.0,1.516998,/home/zhong.zheng/pty-chi/modeling_exp/A100/R2000/ad_ptycho/e6_bs1000.log,1.03,38.997142857142855,31.42,63.42,41.112,7,/home/zhong.zheng/pty-chi/modeling_exp/A100/R2000/ad_ptycho/e6_bs1000_power.csv,8192000,0.570137,0.08759499999999999,0.657732,2,False,1720320.0,0.00172032,20.64384,True
A100,R2000,bh,1,1000,2000,64,64,64,0.346715,0.004805,0.09067,0.331389,0.0,0.774176,/home/zhong.zheng/pty-chi/modeling_exp/A100/R2000/bh/e1_bs1000.log,0.63,33.328,31.5,35.47,20.406,5,/home/zhong.zheng/pty-chi/modeling_exp/A100/R2000/bh/e1_bs1000_power.csv,8192000,0.346715,0.095475,0.44218999999999997,2,True,1146880.0,0.00114688,2.29376,False
A100,R2000,bh,2,1000,2000,64,64,64,0.355311,0.004813,0.077277,0.427805,0.0,0.865744,/home/zhong.zheng/pty-chi/modeling_exp/A100/R2000/bh/e2_bs1000.log,0.63,38.248000000000005,31.5,59.92,22.805999999999997,5,/home/zhong.zheng/pty-chi/modeling_exp/A100/R2000/bh/e2_bs1000_power.csv,8192000,0.355311,0.08209,0.437401,2,False,1146880.0,0.00114688,4.58752,True
A100,R2000,bh,4,1000,2000,64,64,64,0.342249,0.004835,0.078955,0.64173,0.0,1.068727,/home/zhong.zheng/pty-chi/modeling_exp/A100/R2000/bh/e4_bs1000.log,0.83,34.31,31.71,37.24,27.925999999999995,6,/home/zhong.zheng/pty-chi/modeling_exp/A100/R2000/bh/e4_bs1000_power.csv,8192000,0.342249,0.08379,0.426039,2,False,1146880.0,0.00114688,9.17504,True
A100,R2000,bh,6,1000,2000,64,64,64,0.575127,0.004795,0.072768,0.847778,0.0,1.50107,/home/zhong.zheng/pty-chi/modeling_exp/A100/R2000/bh/e6_bs1000.log,1.27,47.675,31.5,73.61,61.264199999999995,8,/home/zhong.zheng/pty-chi/modeling_exp/A100/R2000/bh/e6_bs1000_power.csv,8192000,0.575127,0.077563,0.65269,2,False,1146880.0,0.00114688,13.76256,True
A100,R2000,dm,1,1000,2000,64,64,64,0.353418,0.006739,0.093477,0.311456,0.0,0.766409,/home/zhong.zheng/pty-chi/modeling_exp/A100/R2000/dm/e1_bs1000.log,0.63,33.158,31.5,35.47,20.320999999999998,5,/home/zhong.zheng/pty-chi/modeling_exp/A100/R2000/dm/e1_bs1000_power.csv,8192000,0.353418,0.100216,0.453634,2,True,1474560.0,0.00147456,2.94912,False
A100,R2000,dm,2,1000,2000,64,64,64,0.346732,0.006636,0.071769,0.413293,0.0,0.83904,/home/zhong.zheng/pty-chi/modeling_exp/A100/R2000/dm/e2_bs1000.log,0.63,40.251999999999995,31.5,70.13,23.788999999999998,5,/home/zhong.zheng/pty-chi/modeling_exp/A100/R2000/dm/e2_bs1000_power.csv,8192000,0.346732,0.078405,0.425137,2,False,1474560.0,0.00147456,5.89824,True
A100,R2000,dm,4,1000,2000,64,64,64,0.585677,0.00667,0.082449,0.630754,0.0,1.306127,/home/zhong.zheng/pty-chi/modeling_exp/A100/R2000/dm/e4_bs1000.log,0.83,41.425000000000004,31.41,73.11,35.925999999999995,6,/home/zhong.zheng/pty-chi/modeling_exp/A100/R2000/dm/e4_bs1000_power.csv,8192000,0.585677,0.08911899999999999,0.674796,2,False,1474560.0,0.00147456,11.79648,True
A100,R2000,dm,6,1000,2000,64,64,64,0.347309,0.00667,0.079788,0.817551,0.0,1.251922,/home/zhong.zheng/pty-chi/modeling_exp/A100/R2000/dm/e6_bs1000.log,1.03,34.00571428571429,31.5,39.24,34.722,7,/home/zhong.zheng/pty-chi/modeling_exp/A100/R2000/dm/e6_bs1000_power.csv,8192000,0.347309,0.086458,0.433767,2,False,1474560.0,0.00147456,17.69472,True
A100,R2000,lsqml,1,1000,2000,64,64,64,0.343084,0.00413,0.094227,0.287207,0.0,0.729226,/home/zhong.zheng/pty-chi/modeling_exp/A100/R2000/lsqml/e1_bs1000.log,0.43,32.980000000000004,31.5,35.47,13.588999999999999,4,/home/zhong.zheng/pty-chi/modeling_exp/A100/R2000/lsqml/e1_bs1000_power.csv,8192000,0.343084,0.098357,0.44144100000000003,2,True,983040.0,0.00098304,1.96608,False
A100,R2000,lsqml,2,1000,2000,64,64,64,0.360322,0.004049,0.086702,0.48607,0.0,0.937762,/home/zhong.zheng/pty-chi/modeling_exp/A100/R2000/lsqml/e2_bs1000.log,0.63,33.614000000000004,31.5,37.4,20.424,5,/home/zhong.zheng/pty-chi/modeling_exp/A100/R2000/lsqml/e2_bs1000_power.csv,8192000,0.360322,0.090751,0.451073,2,False,983040.0,0.00098304,3.93216,True
A100,R2000,lsqml,4,1000,2000,64,64,64,0.587492,0.003997,0.087756,0.652019,0.0,1.331828,/home/zhong.zheng/pty-chi/modeling_exp/A100/R2000/lsqml/e4_bs1000.log,1.09,37.105714285714285,31.41,53.87,39.0534,7,/home/zhong.zheng/pty-chi/modeling_exp/A100/R2000/lsqml/e4_bs1000_power.csv,8192000,0.587492,0.091753,0.6792450000000001,2,False,983040.0,0.00098304,7.86432,True
A100,R2000,lsqml,6,1000,2000,64,64,64,0.352361,0.003998,0.081266,0.883226,0.0,1.321389,/home/zhong.zheng/pty-chi/modeling_exp/A100/R2000/lsqml/e6_bs1000.log,1.03,38.63857142857143,31.5,57.88,38.856,7,/home/zhong.zheng/pty-chi/modeling_exp/A100/R2000/lsqml/e6_bs1000_power.csv,8192000,0.352361,0.085264,0.437625,2,False,983040.0,0.00098304,11.79648,True
A100,R2000,pie,1,1000,2000,64,64,64,0.351488,0.004792,0.083462,11.217513,0.0,11.658331,/home/zhong.zheng/pty-chi/modeling_exp/A100/R2000/pie/e1_bs1000.log,11.44,34.41915254237288,31.49,35.45,393.585,59,/home/zhong.zheng/pty-chi/modeling_exp/A100/R2000/pie/e1_bs1000_power.csv,8192000,0.351488,0.088254,0.439742,2,True,819200.0,0.0008192,1.6384,False
A100,R2000,pie,2,1000,2000,64,64,64,0.587052,0.004878,0.080668,21.742224,0.0,22.415474,/home/zhong.zheng/pty-chi/modeling_exp/A100/R2000/pie/e2_bs1000.log,21.85,34.5518018018018,32.87,34.88,754.4309499999999,111,/home/zhong.zheng/pty-chi/modeling_exp/A100/R2000/pie/e2_bs1000_power.csv,8192000,0.587052,0.08554600000000001,0.672598,2,False,819200.0,0.0008192,3.2768,True
A100,R2000,pie,4,1000,2000,64,64,64,0.585404,0.004798,0.07658,41.937559,0.0,42.605198,/home/zhong.zheng/pty-chi/modeling_exp/A100/R2000/pie/e4_bs1000.log,42.31,34.62352112676057,31.5,38.92,1464.72695,213,/home/zhong.zheng/pty-chi/modeling_exp/A100/R2000/pie/e4_bs1000_power.csv,8192000,0.585404,0.08137799999999999,0.666782,2,False,819200.0,0.0008192,6.5536,True
A100,R2000,pie,6,1000,2000,64,64,64,0.356525,0.004815,0.083112,64.513604,0.0,64.958862,/home/zhong.zheng/pty-chi/modeling_exp/A100/R2000/pie/e6_bs1000.log,64.7,34.61129230769232,31.5,37.98,2239.22725,325,/home/zhong.zheng/pty-chi/modeling_exp/A100/R2000/pie/e6_bs1000_power.csv,8192000,0.356525,0.087927,0.444452,2,False,819200.0,0.0008192,9.8304,True
A100,R4000,ad_ptycho,1,1000,4000,64,64,64,0.46636,0.004788,0.082631,0.476119,0.0,1.030524,/home/zhong.zheng/pty-chi/modeling_exp/A100/R4000/ad_ptycho/e1_bs1000.log,0.83,36.32999999999999,31.5,46.33,29.491999999999997,6,/home/zhong.zheng/pty-chi/modeling_exp/A100/R4000/ad_ptycho/e1_bs1000_power.csv,16384000,0.46636,0.087419,0.553779,4,True,1720320.0,0.00172032,6.88128,False
A100,R4000,ad_ptycho,2,1000,4000,64,64,64,0.70632,0.004773,0.080166,0.690773,0.0,1.48263,/home/zhong.zheng/pty-chi/modeling_exp/A100/R4000/ad_ptycho/e2_bs1000.log,1.23,33.38875,31.41,37.24,40.275,8,/home/zhong.zheng/pty-chi/modeling_exp/A100/R4000/ad_ptycho/e2_bs1000_power.csv,16384000,0.70632,0.084939,0.7912589999999999,4,False,1720320.0,0.00172032,13.76256,True
A100,R4000,ad_ptycho,4,1000,4000,64,64,64,1.018607,0.004743,0.090292,1.087079,0.0,2.201358,/home/zhong.zheng/pty-chi/modeling_exp/A100/R4000/ad_ptycho/e4_bs1000.log,1.67,39.128,31.41,65.02,63.969199999999994,10,/home/zhong.zheng/pty-chi/modeling_exp/A100/R4000/ad_ptycho/e4_bs1000_power.csv,16384000,1.018607,0.095035,1.113642,4,False,1720320.0,0.00172032,27.52512,True
A100,R4000,ad_ptycho,6,1000,4000,64,64,64,0.704664,0.004747,0.075941,1.54343,0.0,2.329372,/home/zhong.zheng/pty-chi/modeling_exp/A100/R4000/ad_ptycho/e6_bs1000.log,1.83,38.420909090909085,31.5,62.83,71.091,11,/home/zhong.zheng/pty-chi/modeling_exp/A100/R4000/ad_ptycho/e6_bs1000_power.csv,16384000,0.704664,0.080688,0.7853519999999999,4,False,1720320.0,0.00172032,41.28768,True
A100,R4000,bh,1,1000,4000,64,64,64,0.869224,0.004746,0.086446,0.469769,0.0,1.430815,/home/zhong.zheng/pty-chi/modeling_exp/A100/R4000/bh/e1_bs1000.log,1.23,33.40125,31.41,36.74,40.425,8,/home/zhong.zheng/pty-chi/modeling_exp/A100/R4000/bh/e1_bs1000_power.csv,16384000,0.869224,0.091192,0.960416,4,True,1146880.0,0.00114688,4.58752,False
A100,R4000,bh,2,1000,4000,64,64,64,0.695466,0.004675,0.081964,0.903902,0.0,1.68708,/home/zhong.zheng/pty-chi/modeling_exp/A100/R4000/bh/e2_bs1000.log,1.23,33.660000000000004,31.5,38.4,40.566,8,/home/zhong.zheng/pty-chi/modeling_exp/A100/R4000/bh/e2_bs1000_power.csv,16384000,0.695466,0.086639,0.782105,4,False,1146880.0,0.00114688,9.17504,True
A100,R4000,bh,4,1000,4000,64,64,64,0.790203,0.004755,0.078858,1.084081,0.0,1.958519,/home/zhong.zheng/pty-chi/modeling_exp/A100/R4000/bh/e4_bs1000.log,1.69,36.041,31.42,44.29,60.222649999999994,10,/home/zhong.zheng/pty-chi/modeling_exp/A100/R4000/bh/e4_bs1000_power.csv,16384000,0.790203,0.08361299999999999,0.8738159999999999,4,False,1146880.0,0.00114688,18.35008,True
A100,R4000,bh,6,1000,4000,64,64,64,0.700177,0.004714,0.084414,1.445139,0.0,2.235125,/home/zhong.zheng/pty-chi/modeling_exp/A100/R4000/bh/e6_bs1000.log,2.03,42.0,31.5,67.04,85.39699999999999,12,/home/zhong.zheng/pty-chi/modeling_exp/A100/R4000/bh/e6_bs1000_power.csv,16384000,0.700177,0.089128,0.789305,4,False,1146880.0,0.00114688,27.52512,True
A100,R4000,dm,1,1000,4000,64,64,64,0.701258,0.00904,0.084098,0.481645,0.0,1.277072,/home/zhong.zheng/pty-chi/modeling_exp/A100/R4000/dm/e1_bs1000.log,0.83,34.00333333333333,31.52,39.13,27.925999999999995,6,/home/zhong.zheng/pty-chi/modeling_exp/A100/R4000/dm/e1_bs1000_power.csv,16384000,0.701258,0.093138,0.7943960000000001,4,True,1474560.0,0.00147456,5.89824,False
A100,R4000,dm,2,1000,4000,64,64,64,1.081564,0.009859,0.093455,0.663715,0.0,1.849239,/home/zhong.zheng/pty-chi/modeling_exp/A100/R4000/dm/e2_bs1000.log,1.63,32.989,31.5,35.36,53.028999999999996,10,/home/zhong.zheng/pty-chi/modeling_exp/A100/R4000/dm/e2_bs1000_power.csv,16384000,1.081564,0.10331399999999999,1.184878,4,False,1474560.0,0.00147456,11.79648,True
A100,R4000,dm,4,1000,4000,64,64,64,0.696456,0.009031,0.08428,1.061157,0.0,1.851625,/home/zhong.zheng/pty-chi/modeling_exp/A100/R4000/dm/e4_bs1000.log,1.63,36.35,31.51,47.49,59.437,10,/home/zhong.zheng/pty-chi/modeling_exp/A100/R4000/dm/e4_bs1000_power.csv,16384000,0.696456,0.09331099999999999,0.789767,4,False,1474560.0,0.00147456,23.59296,True
A100,R4000,dm,6,1000,4000,64,64,64,0.686198,0.009072,0.087798,1.440704,0.0,2.224422,/home/zhong.zheng/pty-chi/modeling_exp/A100/R4000/dm/e6_bs1000.log,2.03,35.9625,31.41,42.39,72.77499999999999,12,/home/zhong.zheng/pty-chi/modeling_exp/A100/R4000/dm/e6_bs1000_power.csv,16384000,0.686198,0.09687,0.783068,4,False,1474560.0,0.00147456,35.38944,True
A100,R4000,lsqml,1,1000,4000,64,64,64,0.468173,0.004814,0.083524,0.411498,0.0,0.968664,/home/zhong.zheng/pty-chi/modeling_exp/A100/R4000/lsqml/e1_bs1000.log,0.83,34.35333333333333,31.4,39.25,28.119999999999994,6,/home/zhong.zheng/pty-chi/modeling_exp/A100/R4000/lsqml/e1_bs1000_power.csv,16384000,0.468173,0.088338,0.556511,4,True,983040.0,0.00098304,3.93216,False
A100,R4000,lsqml,2,1000,4000,64,64,64,0.555406,0.004204,0.073978,0.684168,0.0,1.318319,/home/zhong.zheng/pty-chi/modeling_exp/A100/R4000/lsqml/e2_bs1000.log,1.03,33.60857142857143,31.4,39.3,33.702,7,/home/zhong.zheng/pty-chi/modeling_exp/A100/R4000/lsqml/e2_bs1000_power.csv,16384000,0.555406,0.078182,0.6335879999999999,4,False,983040.0,0.00098304,7.86432,True
A100,R4000,lsqml,4,1000,4000,64,64,64,1.078862,0.004066,0.082702,1.090713,0.0,2.256941,/home/zhong.zheng/pty-chi/modeling_exp/A100/R4000/lsqml/e4_bs1000.log,1.83,38.99545454545454,31.51,58.83,70.42699999999999,11,/home/zhong.zheng/pty-chi/modeling_exp/A100/R4000/lsqml/e4_bs1000_power.csv,16384000,1.078862,0.086768,1.16563,4,False,983040.0,0.00098304,15.72864,True
A100,R4000,lsqml,6,1000,4000,64,64,64,0.711152,0.004011,0.083344,1.519396,0.0,2.31855,/home/zhong.zheng/pty-chi/modeling_exp/A100/R4000/lsqml/e6_bs1000.log,2.03,38.11333333333333,31.42,50.35,77.60999999999999,12,/home/zhong.zheng/pty-chi/modeling_exp/A100/R4000/lsqml/e6_bs1000_power.csv,16384000,0.711152,0.087355,0.798507,4,False,983040.0,0.00098304,23.59296,True
A100,R4000,pie,1,1000,4000,64,64,64,0.687665,0.00477,0.083465,22.413263,0.0,23.190886,/home/zhong.zheng/pty-chi/modeling_exp/A100/R4000/pie/e1_bs1000.log,22.65,34.53434782608696,31.5,37.72,782.0715499999999,115,/home/zhong.zheng/pty-chi/modeling_exp/A100/R4000/pie/e1_bs1000_power.csv,16384000,0.687665,0.088235,0.7759,4,True,819200.0,0.0008192,3.2768,False
A100,R4000,pie,2,1000,4000,64,64,64,0.466332,0.00475,0.090776,44.659737,0.0,45.222195,/home/zhong.zheng/pty-chi/modeling_exp/A100/R4000/pie/e2_bs1000.log,45.07,34.570220264317186,31.5,37.62,1557.96285,227,/home/zhong.zheng/pty-chi/modeling_exp/A100/R4000/pie/e2_bs1000_power.csv,16384000,0.466332,0.095526,0.561858,4,False,819200.0,0.0008192,6.5536,True
A100,R4000,pie,4,1000,4000,64,64,64,0.459626,0.004816,0.07934,84.597944,0.0,85.142668,/home/zhong.zheng/pty-chi/modeling_exp/A100/R4000/pie/e4_bs1000.log,84.92,34.659553990610334,31.5,38.85,2943.19365,426,/home/zhong.zheng/pty-chi/modeling_exp/A100/R4000/pie/e4_bs1000_power.csv,16384000,0.459626,0.084156,0.543782,4,False,819200.0,0.0008192,13.1072,True
A100,R4000,pie,6,1000,4000,64,64,64,0.468217,0.004686,0.085009,133.042997,0.0,133.60186,/home/zhong.zheng/pty-chi/modeling_exp/A100/R4000/pie/e6_bs1000.log,133.37,34.60681137724551,31.71,39.54,4615.331150000001,668,/home/zhong.zheng/pty-chi/modeling_exp/A100/R4000/pie/e6_bs1000_power.csv,16384000,0.468217,0.089695,0.557912,4,False,819200.0,0.0008192,19.6608,True
A100,R8000,ad_ptycho,1,1000,8000,64,64,64,0.929889,0.004696,0.090692,0.762508,0.0,1.788493,/home/zhong.zheng/pty-chi/modeling_exp/A100/R8000/ad_ptycho/e1_bs1000.log,1.43,39.87222222222223,31.6,66.76,55.61399999999999,9,/home/zhong.zheng/pty-chi/modeling_exp/A100/R8000/ad_ptycho/e1_bs1000_power.csv,32768000,0.929889,0.095388,1.025277,8,True,1720320.0,0.00172032,13.76256,False
A100,R8000,ad_ptycho,2,1000,8000,64,64,64,0.990147,0.004687,0.082544,1.160805,0.0,2.238773,/home/zhong.zheng/pty-chi/modeling_exp/A100/R8000/ad_ptycho/e2_bs1000.log,2.09,39.918333333333344,31.5,69.73,82.37719999999999,12,/home/zhong.zheng/pty-chi/modeling_exp/A100/R8000/ad_ptycho/e2_bs1000_power.csv,32768000,0.990147,0.087231,1.077378,8,False,1720320.0,0.00172032,27.52512,True
A100,R8000,ad_ptycho,4,1000,8000,64,64,64,0.94359,0.004793,0.086269,1.932206,0.0,2.967462,/home/zhong.zheng/pty-chi/modeling_exp/A100/R8000/ad_ptycho/e4_bs1000.log,2.84,40.484375,31.5,67.3,113.61784999999999,16,/home/zhong.zheng/pty-chi/modeling_exp/A100/R8000/ad_ptycho/e4_bs1000_power.csv,32768000,0.94359,0.091062,1.0346520000000001,8,False,1720320.0,0.00172032,55.05024,True
A100,R8000,ad_ptycho,6,1000,8000,64,64,64,0.687503,0.004778,0.088472,2.657511,0.0,3.438812,/home/zhong.zheng/pty-chi/modeling_exp/A100/R8000/ad_ptycho/e6_bs1000.log,3.23,45.00111111111111,31.5,65.19,145.972,18,/home/zhong.zheng/pty-chi/modeling_exp/A100/R8000/ad_ptycho/e6_bs1000_power.csv,32768000,0.687503,0.09325,0.7807529999999999,8,False,1720320.0,0.00172032,82.57536,True
A100,R8000,bh,1,1000,8000,64,64,64,1.157049,0.004741,0.087707,0.722486,0.0,1.97295,/home/zhong.zheng/pty-chi/modeling_exp/A100/R8000/bh/e1_bs1000.log,1.84,37.36909090909091,31.5,75.87,65.49000000000001,11,/home/zhong.zheng/pty-chi/modeling_exp/A100/R8000/bh/e1_bs1000_power.csv,32768000,1.157049,0.09244799999999999,1.249497,8,True,1146880.0,0.00114688,9.17504,False
A100,R8000,bh,2,1000,8000,64,64,64,1.210471,0.00495,0.085116,1.118151,0.0,2.419312,/home/zhong.zheng/pty-chi/modeling_exp/A100/R8000/bh/e2_bs1000.log,2.1,36.7625,31.51,64.45,76.82560000000001,12,/home/zhong.zheng/pty-chi/modeling_exp/A100/R8000/bh/e2_bs1000_power.csv,32768000,1.210471,0.090066,1.300537,8,False,1146880.0,0.00114688,18.35008,True
A100,R8000,bh,4,1000,8000,64,64,64,0.937557,0.004702,0.09298,1.889343,0.0,2.925212,/home/zhong.zheng/pty-chi/modeling_exp/A100/R8000/bh/e4_bs1000.log,2.63,42.53533333333334,31.5,73.23,111.773,15,/home/zhong.zheng/pty-chi/modeling_exp/A100/R8000/bh/e4_bs1000_power.csv,32768000,0.937557,0.09768199999999999,1.035239,8,False,1146880.0,0.00114688,36.70016,True
A100,R8000,bh,6,1000,8000,64,64,64,0.690225,0.004699,0.089773,2.606424,0.0,3.391749,/home/zhong.zheng/pty-chi/modeling_exp/A100/R8000/bh/e6_bs1000.log,3.23,45.32777777777778,31.5,76.0,148.801,18,/home/zhong.zheng/pty-chi/modeling_exp/A100/R8000/bh/e6_bs1000_power.csv,32768000,0.690225,0.094472,0.784697,8,False,1146880.0,0.00114688,55.05024,True
A100,R8000,dm,1,1000,8000,64,64,64,0.92297,0.013757,0.088797,0.735216,0.0,1.761705,/home/zhong.zheng/pty-chi/modeling_exp/A100/R8000/dm/e1_bs1000.log,1.23,34.25,31.51,39.82,42.014,8,/home/zhong.zheng/pty-chi/modeling_exp/A100/R8000/dm/e1_bs1000_power.csv,32768000,0.92297,0.102554,1.0255239999999999,8,True,1474560.0,0.00147456,11.79648,False
A100,R8000,dm,2,1000,8000,64,64,64,0.984663,0.013694,0.080681,1.108301,0.0,2.188004,/home/zhong.zheng/pty-chi/modeling_exp/A100/R8000/dm/e2_bs1000.log,1.86,40.57,31.5,98.59,76.00900000000001,11,/home/zhong.zheng/pty-chi/modeling_exp/A100/R8000/dm/e2_bs1000_power.csv,32768000,0.984663,0.094375,1.079038,8,False,1474560.0,0.00147456,23.59296,True
A100,R8000,dm,4,1000,8000,64,64,64,1.169362,0.013928,0.083093,1.909476,0.0,3.176623,/home/zhong.zheng/pty-chi/modeling_exp/A100/R8000/dm/e4_bs1000.log,2.63,47.59466666666666,31.49,106.92,128.202,15,/home/zhong.zheng/pty-chi/modeling_exp/A100/R8000/dm/e4_bs1000_power.csv,32768000,1.169362,0.097021,1.266383,8,False,1474560.0,0.00147456,47.18592,True
A100,R8000,dm,6,1000,8000,64,64,64,0.942586,0.013928,0.081172,2.66768,0.0,3.706138,/home/zhong.zheng/pty-chi/modeling_exp/A100/R8000/dm/e6_bs1000.log,3.44,56.45526315789473,31.5,150.56,200.1371,19,/home/zhong.zheng/pty-chi/modeling_exp/A100/R8000/dm/e6_bs1000_power.csv,32768000,0.942586,0.09509999999999999,1.037686,8,False,1474560.0,0.00147456,70.77888,True
A100,R8000,lsqml,1,1000,8000,64,64,64,0.926093,0.003976,0.09278,0.630766,0.0,1.654399,/home/zhong.zheng/pty-chi/modeling_exp/A100/R8000/lsqml/e1_bs1000.log,1.23,35.015,31.59,40.09,42.932,8,/home/zhong.zheng/pty-chi/modeling_exp/A100/R8000/lsqml/e1_bs1000_power.csv,32768000,0.926093,0.09675600000000001,1.0228490000000001,8,True,983040.0,0.00098304,7.86432,False
A100,R8000,lsqml,2,1000,8000,64,64,64,1.065969,0.004941,0.08557,1.115674,0.0,2.272876,/home/zhong.zheng/pty-chi/modeling_exp/A100/R8000/lsqml/e2_bs1000.log,2.03,36.105000000000004,31.5,43.92,73.104,12,/home/zhong.zheng/pty-chi/modeling_exp/A100/R8000/lsqml/e2_bs1000_power.csv,32768000,1.065969,0.090511,1.15648,8,False,983040.0,0.00098304,15.72864,True
A100,R8000,lsqml,4,1000,8000,64,64,64,0.931133,0.004037,0.08892,1.975583,0.0,3.000302,/home/zhong.zheng/pty-chi/modeling_exp/A100/R8000/lsqml/e4_bs1000.log,2.89,39.215625,31.6,62.83,113.7721,16,/home/zhong.zheng/pty-chi/modeling_exp/A100/R8000/lsqml/e4_bs1000_power.csv,32768000,0.931133,0.092957,1.02409,8,False,983040.0,0.00098304,31.45728,True
A100,R8000,lsqml,6,1000,8000,64,64,64,1.157954,0.004067,0.090018,2.794303,0.0,4.046936,/home/zhong.zheng/pty-chi/modeling_exp/A100/R8000/lsqml/e6_bs1000.log,3.63,45.511,31.51,70.16,167.963,20,/home/zhong.zheng/pty-chi/modeling_exp/A100/R8000/lsqml/e6_bs1000_power.csv,32768000,1.157954,0.094085,1.252039,8,False,983040.0,0.00098304,47.18592,True
A100,R8000,pie,1,1000,8000,64,64,64,0.918132,0.004732,0.080242,42.459595,0.0,43.464832,/home/zhong.zheng/pty-chi/modeling_exp/A100/R8000/pie/e1_bs1000.log,43.07,34.71981566820277,31.41,39.92,1495.3173499999998,217,/home/zhong.zheng/pty-chi/modeling_exp/A100/R8000/pie/e1_bs1000_power.csv,32768000,0.918132,0.084974,1.0031059999999998,8,True,819200.0,0.0008192,6.5536,False
A100,R8000,pie,2,1000,8000,64,64,64,0.918057,0.004828,0.089662,84.506835,0.0,85.520304,/home/zhong.zheng/pty-chi/modeling_exp/A100/R8000/pie/e2_bs1000.log,85.32,34.70586448598131,31.42,40.0,2961.0273999999995,428,/home/zhong.zheng/pty-chi/modeling_exp/A100/R8000/pie/e2_bs1000_power.csv,32768000,0.918057,0.09449,1.012547,8,False,819200.0,0.0008192,13.1072,True
A100,R8000,pie,4,1000,8000,64,64,64,0.696894,0.004724,0.095341,170.036067,0.0,170.834185,/home/zhong.zheng/pty-chi/modeling_exp/A100/R8000/pie/e4_bs1000.log,170.61,34.71533957845433,31.5,39.7,5922.63465,854,/home/zhong.zheng/pty-chi/modeling_exp/A100/R8000/pie/e4_bs1000_power.csv,32768000,0.696894,0.100065,0.796959,8,False,819200.0,0.0008192,26.2144,True
A100,R8000,pie,6,1000,8000,64,64,64,0.924825,0.004711,0.081618,251.964494,0.0,252.976914,/home/zhong.zheng/pty-chi/modeling_exp/A100/R8000/pie/e6_bs1000.log,252.49,34.73762470308788,31.5,39.93,8770.85755,1263,/home/zhong.zheng/pty-chi/modeling_exp/A100/R8000/pie/e6_bs1000_power.csv,32768000,0.924825,0.08632899999999999,1.011154,8,False,819200.0,0.0008192,39.3216,True
B200,R1000,ad_ptycho,1,1000,1000,64,64,64,0.625817,0.003916,0.091406,0.334396,0.0,1.056742,/home/zhong.zheng/pty-chi/modeling_exp/B200/R1000/ad_ptycho/e1_bs1000.log,0.9,162.93833333333333,145.41,187.4,133.12300000000002,6,/home/zhong.zheng/pty-chi/modeling_exp/B200/R1000/ad_ptycho/e1_bs1000_power.csv,4096000,0.625817,0.095322,0.721139,1,True,1720320.0,0.00172032,1.72032,False
B200,R1000,ad_ptycho,2,1000,1000,64,64,64,0.676007,0.00443,0.095465,0.432569,0.0,1.209289,/home/zhong.zheng/pty-chi/modeling_exp/B200/R1000/ad_ptycho/e2_bs1000.log,0.89,161.595,144.7,186.18,131.847,6,/home/zhong.zheng/pty-chi/modeling_exp/B200/R1000/ad_ptycho/e2_bs1000_power.csv,4096000,0.676007,0.099895,0.7759020000000001,1,False,1720320.0,0.00172032,3.44064,True
B200,R1000,ad_ptycho,4,1000,1000,64,64,64,0.66329,0.00404,0.086482,0.427307,0.0,1.182161,/home/zhong.zheng/pty-chi/modeling_exp/B200/R1000/ad_ptycho/e4_bs1000.log,0.91,160.42333333333332,143.96,185.25,130.79500000000002,6,/home/zhong.zheng/pty-chi/modeling_exp/B200/R1000/ad_ptycho/e4_bs1000_power.csv,4096000,0.66329,0.090522,0.7538120000000001,1,False,1720320.0,0.00172032,6.88128,True
B200,R1000,ad_ptycho,6,1000,1000,64,64,64,0.655305,0.004813,0.090663,0.49152,0.0,1.243066,/home/zhong.zheng/pty-chi/modeling_exp/B200/R1000/ad_ptycho/e6_bs1000.log,0.91,161.07833333333335,144.58,185.29,131.36800000000002,6,/home/zhong.zheng/pty-chi/modeling_exp/B200/R1000/ad_ptycho/e6_bs1000_power.csv,4096000,0.655305,0.09547599999999999,0.7507809999999999,1,False,1720320.0,0.00172032,10.32192,True
B200,R1000,bh,1,1000,1000,64,64,64,0.646597,0.003757,0.091293,0.323976,0.0,1.066807,/home/zhong.zheng/pty-chi/modeling_exp/B200/R1000/bh/e1_bs1000.log,0.89,162.04166666666666,145.14,186.84,132.184,6,/home/zhong.zheng/pty-chi/modeling_exp/B200/R1000/bh/e1_bs1000_power.csv,4096000,0.646597,0.09505,0.741647,1,True,1146880.0,0.00114688,1.14688,False
B200,R1000,bh,2,1000,1000,64,64,64,0.680282,0.004389,0.086838,0.387026,0.0,1.159839,/home/zhong.zheng/pty-chi/modeling_exp/B200/R1000/bh/e2_bs1000.log,0.9,161.5666666666667,144.57,186.55,131.824,6,/home/zhong.zheng/pty-chi/modeling_exp/B200/R1000/bh/e2_bs1000_power.csv,4096000,0.680282,0.091227,0.771509,1,False,1146880.0,0.00114688,2.29376,True
B200,R1000,bh,4,1000,1000,64,64,64,0.629508,0.003897,0.090907,0.438164,0.0,1.163868,/home/zhong.zheng/pty-chi/modeling_exp/B200/R1000/bh/e4_bs1000.log,0.9,162.605,144.7,187.97,132.859,6,/home/zhong.zheng/pty-chi/modeling_exp/B200/R1000/bh/e4_bs1000_power.csv,4096000,0.629508,0.094804,0.724312,1,False,1146880.0,0.00114688,4.58752,True
B200,R1000,bh,6,1000,1000,64,64,64,0.630076,0.0044,0.089862,0.488376,0.0,1.213999,/home/zhong.zheng/pty-chi/modeling_exp/B200/R1000/bh/e6_bs1000.log,0.9,160.73333333333332,144.01,184.94,131.179,6,/home/zhong.zheng/pty-chi/modeling_exp/B200/R1000/bh/e6_bs1000_power.csv,4096000,0.630076,0.094262,0.7243379999999999,1,False,1146880.0,0.00114688,6.88128,True
B200,R1000,dm,1,1000,1000,64,64,64,0.689039,0.004876,0.093602,0.337345,0.0,1.127081,/home/zhong.zheng/pty-chi/modeling_exp/B200/R1000/dm/e1_bs1000.log,0.9,162.57666666666668,144.99,187.98,132.73000000000002,6,/home/zhong.zheng/pty-chi/modeling_exp/B200/R1000/dm/e1_bs1000_power.csv,4096000,0.689039,0.09847800000000001,0.7875169999999999,1,True,1474560.0,0.00147456,1.47456,False
B200,R1000,dm,2,1000,1000,64,64,64,0.637045,0.004832,0.0892,0.340396,0.0,1.072562,/home/zhong.zheng/pty-chi/modeling_exp/B200/R1000/dm/e2_bs1000.log,0.9,161.40333333333334,144.11,186.01,131.83100000000002,6,/home/zhong.zheng/pty-chi/modeling_exp/B200/R1000/dm/e2_bs1000_power.csv,4096000,0.637045,0.094032,0.731077,1,False,1474560.0,0.00147456,2.94912,True
B200,R1000,dm,4,1000,1000,64,64,64,0.668465,0.005492,0.094142,0.41653,0.0,1.186056,/home/zhong.zheng/pty-chi/modeling_exp/B200/R1000/dm/e4_bs1000.log,0.9,161.43499999999997,144.13,185.97,131.85899999999998,6,/home/zhong.zheng/pty-chi/modeling_exp/B200/R1000/dm/e4_bs1000_power.csv,4096000,0.668465,0.099634,0.7680990000000001,1,False,1474560.0,0.00147456,5.89824,True
B200,R1000,dm,6,1000,1000,64,64,64,0.629463,0.005454,0.096416,0.468198,0.0,1.200363,/home/zhong.zheng/pty-chi/modeling_exp/B200/R1000/dm/e6_bs1000.log,0.9,161.75500000000002,144.7,186.08,132.063,6,/home/zhong.zheng/pty-chi/modeling_exp/B200/R1000/dm/e6_bs1000_power.csv,4096000,0.629463,0.10187,0.731333,1,False,1474560.0,0.00147456,8.84736,True
B200,R1000,lsqml,1,1000,1000,64,64,64,0.620252,0.004606,0.084671,0.291843,0.0,1.002653,/home/zhong.zheng/pty-chi/modeling_exp/B200/R1000/lsqml/e1_bs1000.log,0.68,157.466,144.83,175.65,96.398,5,/home/zhong.zheng/pty-chi/modeling_exp/B200/R1000/lsqml/e1_bs1000_power.csv,4096000,0.620252,0.089277,0.7095290000000001,1,True,983040.0,0.00098304,0.98304,False
B200,R1000,lsqml,2,1000,1000,64,64,64,0.68523,0.00503,0.088533,0.411497,0.0,1.191388,/home/zhong.zheng/pty-chi/modeling_exp/B200/R1000/lsqml/e2_bs1000.log,0.9,160.54500000000002,144.13,184.21,130.972,6,/home/zhong.zheng/pty-chi/modeling_exp/B200/R1000/lsqml/e2_bs1000_power.csv,4096000,0.68523,0.09356300000000001,0.778793,1,False,983040.0,0.00098304,1.96608,True
B200,R1000,lsqml,4,1000,1000,64,64,64,0.627982,0.004816,0.096757,0.471933,0.0,1.203096,/home/zhong.zheng/pty-chi/modeling_exp/B200/R1000/lsqml/e4_bs1000.log,0.89,162.20833333333334,145.01,186.71,133.89570000000003,6,/home/zhong.zheng/pty-chi/modeling_exp/B200/R1000/lsqml/e4_bs1000_power.csv,4096000,0.627982,0.101573,0.7295550000000001,1,False,983040.0,0.00098304,3.93216,True
B200,R1000,lsqml,6,1000,1000,64,64,64,0.619742,0.004416,0.089451,0.542136,0.0,1.256774,/home/zhong.zheng/pty-chi/modeling_exp/B200/R1000/lsqml/e6_bs1000.log,1.09,167.60142857142858,145.26,199.74,171.042,7,/home/zhong.zheng/pty-chi/modeling_exp/B200/R1000/lsqml/e6_bs1000_power.csv,4096000,0.619742,0.093867,0.7136089999999999,1,False,983040.0,0.00098304,5.89824,True
B200,R1000,pie,1,1000,1000,64,64,64,0.659076,0.004326,0.087903,4.661818,0.0,5.415165,/home/zhong.zheng/pty-chi/modeling_exp/B200/R1000/pie/e1_bs1000.log,5.11,189.36222222222221,143.47,198.14,961.6649500000001,27,/home/zhong.zheng/pty-chi/modeling_exp/B200/R1000/pie/e1_bs1000_power.csv,4096000,0.659076,0.09222899999999999,0.751305,1,True,819200.0,0.0008192,0.8192,False
B200,R1000,pie,2,1000,1000,64,64,64,0.633955,0.004189,0.093799,8.62006,0.0,9.353133,/home/zhong.zheng/pty-chi/modeling_exp/B200/R1000/pie/e2_bs1000.log,9.11,193.53340425531917,144.54,198.48,1755.9750000000001,47,/home/zhong.zheng/pty-chi/modeling_exp/B200/R1000/pie/e2_bs1000_power.csv,4096000,0.633955,0.09798799999999999,0.731943,1,False,819200.0,0.0008192,1.6384,True
B200,R1000,pie,4,1000,1000,64,64,64,0.629166,0.004272,0.086705,16.814145,0.0,17.535196,/home/zhong.zheng/pty-chi/modeling_exp/B200/R1000/pie/e4_bs1000.log,17.33,196.0768181818182,144.94,198.88,3391.5109999999995,88,/home/zhong.zheng/pty-chi/modeling_exp/B200/R1000/pie/e4_bs1000_power.csv,4096000,0.629166,0.090977,0.7201430000000001,1,False,819200.0,0.0008192,3.2768,True
B200,R1000,pie,6,1000,1000,64,64,64,0.649594,0.003755,0.089071,25.288584,0.0,26.032216,/home/zhong.zheng/pty-chi/modeling_exp/B200/R1000/pie/e6_bs1000.log,25.71,197.11138461538465,144.85,199.19,5065.494650000001,130,/home/zhong.zheng/pty-chi/modeling_exp/B200/R1000/pie/e6_bs1000_power.csv,4096000,0.649594,0.09282599999999999,0.74242,1,False,819200.0,0.0008192,4.9152,True
B200,R12000,ad_ptycho,1,1000,12000,64,64,64,1.334265,0.003715,0.147952,0.752026,0.0,2.238636,/home/zhong.zheng/pty-chi/modeling_exp/B200/R12000/ad_ptycho/e1_bs1000.log,2.07,168.1975,145.64,210.27,338.91799999999995,12,/home/zhong.zheng/pty-chi/modeling_exp/B200/R12000/ad_ptycho/e1_bs1000_power.csv,49152000,1.334265,0.151667,1.485932,12,True,1720320.0,0.00172032,20.64384,False
B200,R12000,ad_ptycho,2,1000,12000,64,64,64,1.345319,0.004626,0.143085,1.097528,0.0,2.591974,/home/zhong.zheng/pty-chi/modeling_exp/B200/R12000/ad_ptycho/e2_bs1000.log,2.28,170.57538461538462,144.7,216.69,378.3929999999999,13,/home/zhong.zheng/pty-chi/modeling_exp/B200/R12000/ad_ptycho/e2_bs1000_power.csv,49152000,1.345319,0.14771099999999998,1.4930299999999999,12,False,1720320.0,0.00172032,41.28768,True
B200,R12000,ad_ptycho,4,1000,12000,64,64,64,1.359635,0.003702,0.099959,1.774688,0.0,3.239708,/home/zhong.zheng/pty-chi/modeling_exp/B200/R12000/ad_ptycho/e4_bs1000.log,3.07,182.49529411764706,144.12,230.31,554.2149999999999,17,/home/zhong.zheng/pty-chi/modeling_exp/B200/R12000/ad_ptycho/e4_bs1000_power.csv,49152000,1.359635,0.103661,1.463296,12,False,1720320.0,0.00172032,82.57536,True
B200,R12000,ad_ptycho,6,1000,12000,64,64,64,1.334607,0.004375,0.113328,2.402031,0.0,3.85544,/home/zhong.zheng/pty-chi/modeling_exp/B200/R12000/ad_ptycho/e6_bs1000.log,3.67,194.184,145.39,238.38,709.2349999999999,20,/home/zhong.zheng/pty-chi/modeling_exp/B200/R12000/ad_ptycho/e6_bs1000_power.csv,49152000,1.334607,0.117703,1.4523100000000002,12,False,1720320.0,0.00172032,123.86304,True
B200,R12000,bh,1,1000,12000,64,64,64,1.340205,0.00457,0.140798,0.785475,0.0,2.272161,/home/zhong.zheng/pty-chi/modeling_exp/B200/R12000/bh/e1_bs1000.log,2.08,165.40416666666667,144.2,210.28,334.1799,12,/home/zhong.zheng/pty-chi/modeling_exp/B200/R12000/bh/e1_bs1000_power.csv,49152000,1.340205,0.145368,1.485573,12,True,1146880.0,0.00114688,13.76256,False
B200,R12000,bh,2,1000,12000,64,64,64,1.382599,0.004653,0.103527,1.093597,0.0,2.58543,/home/zhong.zheng/pty-chi/modeling_exp/B200/R12000/bh/e2_bs1000.log,2.27,170.42153846153846,144.84,215.99,378.02199999999993,13,/home/zhong.zheng/pty-chi/modeling_exp/B200/R12000/bh/e2_bs1000_power.csv,49152000,1.382599,0.10818,1.4907789999999999,12,False,1146880.0,0.00114688,27.52512,True
B200,R12000,bh,4,1000,12000,64,64,64,1.362955,0.003607,0.096119,1.726568,0.0,3.190768,/home/zhong.zheng/pty-chi/modeling_exp/B200/R12000/bh/e4_bs1000.log,2.87,184.03,145.26,233.94,521.863,16,/home/zhong.zheng/pty-chi/modeling_exp/B200/R12000/bh/e4_bs1000_power.csv,49152000,1.362955,0.099726,1.462681,12,False,1146880.0,0.00114688,55.05024,True
B200,R12000,bh,6,1000,12000,64,64,64,1.385657,0.004501,0.104722,2.4202,0.0,3.917053,/home/zhong.zheng/pty-chi/modeling_exp/B200/R12000/bh/e6_bs1000.log,3.67,193.76450000000003,145.23,236.24,708.012,20,/home/zhong.zheng/pty-chi/modeling_exp/B200/R12000/bh/e6_bs1000_power.csv,49152000,1.385657,0.109223,1.49488,12,False,1146880.0,0.00114688,82.57536,True
B200,R12000,dm,1,1000,12000,64,64,64,1.398646,0.017746,0.143269,0.779114,0.0,2.34092,/home/zhong.zheng/pty-chi/modeling_exp/B200/R12000/dm/e1_bs1000.log,2.08,166.28166666666667,144.74,207.91,334.836,12,/home/zhong.zheng/pty-chi/modeling_exp/B200/R12000/dm/e1_bs1000_power.csv,49152000,1.398646,0.16101500000000002,1.5596610000000002,12,True,1474560.0,0.00147456,17.69472,False
B200,R12000,dm,2,1000,12000,64,64,64,1.348625,0.017321,0.124012,1.113823,0.0,2.605352,/home/zhong.zheng/pty-chi/modeling_exp/B200/R12000/dm/e2_bs1000.log,2.27,171.39923076923077,145.04,215.44,380.551,13,/home/zhong.zheng/pty-chi/modeling_exp/B200/R12000/dm/e2_bs1000_power.csv,49152000,1.348625,0.141333,1.489958,12,False,1474560.0,0.00147456,35.38944,True
B200,R12000,dm,4,1000,12000,64,64,64,1.344865,0.018642,0.09781,1.849162,0.0,3.312129,/home/zhong.zheng/pty-chi/modeling_exp/B200/R12000/dm/e4_bs1000.log,3.08,183.65,144.91,231.76,560.6184499999999,17,/home/zhong.zheng/pty-chi/modeling_exp/B200/R12000/dm/e4_bs1000_power.csv,49152000,1.344865,0.116452,1.461317,12,False,1474560.0,0.00147456,70.77888,True
B200,R12000,dm,6,1000,12000,64,64,64,1.356113,0.017821,0.097785,2.621548,0.0,4.094276,/home/zhong.zheng/pty-chi/modeling_exp/B200/R12000/dm/e6_bs1000.log,3.87,192.63761904761907,145.34,232.77,742.605,21,/home/zhong.zheng/pty-chi/modeling_exp/B200/R12000/dm/e6_bs1000_power.csv,49152000,1.356113,0.115606,1.471719,12,False,1474560.0,0.00147456,106.16832,True
B200,R12000,lsqml,1,1000,12000,64,64,64,1.367235,0.004424,0.105801,0.659093,0.0,2.137495,/home/zhong.zheng/pty-chi/modeling_exp/B200/R12000/lsqml/e1_bs1000.log,1.87,164.03818181818184,145.29,203.5,296.90700000000004,11,/home/zhong.zheng/pty-chi/modeling_exp/B200/R12000/lsqml/e1_bs1000_power.csv,49152000,1.367235,0.110225,1.47746,12,True,983040.0,0.00098304,11.79648,False
B200,R12000,lsqml,2,1000,12000,64,64,64,1.335365,0.003746,0.104874,1.12798,0.0,2.572968,/home/zhong.zheng/pty-chi/modeling_exp/B200/R12000/lsqml/e2_bs1000.log,2.27,171.97846153846152,145.66,208.18,382.581,13,/home/zhong.zheng/pty-chi/modeling_exp/B200/R12000/lsqml/e2_bs1000_power.csv,49152000,1.335365,0.10862,1.4439849999999999,12,False,983040.0,0.00098304,23.59296,True
B200,R12000,lsqml,4,1000,12000,64,64,64,1.382571,0.004291,0.124648,1.880911,0.0,3.393806,/home/zhong.zheng/pty-chi/modeling_exp/B200/R12000/lsqml/e4_bs1000.log,3.07,181.62352941176474,144.79,226.26,551.434,17,/home/zhong.zheng/pty-chi/modeling_exp/B200/R12000/lsqml/e4_bs1000_power.csv,49152000,1.382571,0.128939,1.5115100000000001,12,False,983040.0,0.00098304,47.18592,True
B200,R12000,lsqml,6,1000,12000,64,64,64,1.354568,0.003825,0.094049,2.578657,0.0,4.033229,/home/zhong.zheng/pty-chi/modeling_exp/B200/R12000/lsqml/e6_bs1000.log,3.67,190.1375,144.86,236.67,693.4,20,/home/zhong.zheng/pty-chi/modeling_exp/B200/R12000/lsqml/e6_bs1000_power.csv,49152000,1.354568,0.09787399999999999,1.452442,12,False,983040.0,0.00098304,70.77888,True
B200,R12000,pie,1,1000,12000,64,64,64,1.348089,0.003426,0.135738,49.429125,0.0,50.918421,/home/zhong.zheng/pty-chi/modeling_exp/B200/R12000/pie/e1_bs1000.log,50.72,198.46317647058825,144.16,203.12,10068.330649999998,255,/home/zhong.zheng/pty-chi/modeling_exp/B200/R12000/pie/e1_bs1000_power.csv,49152000,1.348089,0.139164,1.487253,12,True,819200.0,0.0008192,9.8304,False
B200,R12000,pie,2,1000,12000,64,64,64,1.341486,0.004718,0.098783,103.414119,0.0,104.860061,/home/zhong.zheng/pty-chi/modeling_exp/B200/R12000/pie/e2_bs1000.log,104.57,199.41631679389312,144.25,203.16,20855.545899999997,524,/home/zhong.zheng/pty-chi/modeling_exp/B200/R12000/pie/e2_bs1000_power.csv,49152000,1.341486,0.103501,1.444987,12,False,819200.0,0.0008192,19.6608,True
B200,R12000,pie,4,1000,12000,64,64,64,1.364603,0.004515,0.120022,202.378785,0.0,203.870181,/home/zhong.zheng/pty-chi/modeling_exp/B200/R12000/pie/e4_bs1000.log,203.66,199.9433562315996,144.9,203.38,40722.99185,1019,/home/zhong.zheng/pty-chi/modeling_exp/B200/R12000/pie/e4_bs1000_power.csv,49152000,1.364603,0.12453700000000001,1.4891400000000001,12,False,819200.0,0.0008192,39.3216,True
B200,R12000,pie,6,1000,12000,64,64,64,1.337427,0.004191,0.101995,291.23679,0.0,292.682238,/home/zhong.zheng/pty-chi/modeling_exp/B200/R12000/pie/e6_bs1000.log,292.54,200.16493506493507,144.39,203.69,58558.99985000001,1463,/home/zhong.zheng/pty-chi/modeling_exp/B200/R12000/pie/e6_bs1000_power.csv,49152000,1.337427,0.106186,1.443613,12,False,819200.0,0.0008192,58.9824,True
B200,R2000,ad_ptycho,1,1000,2000,64,64,64,0.732293,0.003677,0.09956,0.401691,0.0,1.238281,/home/zhong.zheng/pty-chi/modeling_exp/B200/R2000/ad_ptycho/e1_bs1000.log,0.91,160.97166666666666,144.79,185.53,131.138,6,/home/zhong.zheng/pty-chi/modeling_exp/B200/R2000/ad_ptycho/e1_bs1000_power.csv,8192000,0.732293,0.103237,0.83553,2,True,1720320.0,0.00172032,3.44064,False
B200,R2000,ad_ptycho,2,1000,2000,64,64,64,0.711963,0.004671,0.095841,0.483568,0.0,1.297229,/home/zhong.zheng/pty-chi/modeling_exp/B200/R2000/ad_ptycho/e2_bs1000.log,1.11,166.32857142857142,145.09,196.28,169.65500000000003,7,/home/zhong.zheng/pty-chi/modeling_exp/B200/R2000/ad_ptycho/e2_bs1000_power.csv,8192000,0.711963,0.10051199999999999,0.812475,2,False,1720320.0,0.00172032,6.88128,True
B200,R2000,ad_ptycho,4,1000,2000,64,64,64,0.6947,0.004854,0.113272,0.60699,0.0,1.420793,/home/zhong.zheng/pty-chi/modeling_exp/B200/R2000/ad_ptycho/e4_bs1000.log,1.12,166.59714285714287,144.92,197.67,169.96100000000004,7,/home/zhong.zheng/pty-chi/modeling_exp/B200/R2000/ad_ptycho/e4_bs1000_power.csv,8192000,0.6947,0.118126,0.812826,2,False,1720320.0,0.00172032,13.76256,True
B200,R2000,ad_ptycho,6,1000,2000,64,64,64,0.717966,0.003463,0.090393,0.660943,0.0,1.473884,/home/zhong.zheng/pty-chi/modeling_exp/B200/R2000/ad_ptycho/e6_bs1000.log,1.12,167.00428571428574,144.92,200.51,170.264,7,/home/zhong.zheng/pty-chi/modeling_exp/B200/R2000/ad_ptycho/e6_bs1000_power.csv,8192000,0.717966,0.093856,0.811822,2,False,1720320.0,0.00172032,20.64384,True
B200,R2000,bh,1,1000,2000,64,64,64,0.724764,0.004426,0.136219,0.3908,0.0,1.257197,/home/zhong.zheng/pty-chi/modeling_exp/B200/R2000/bh/e1_bs1000.log,0.91,160.73666666666668,145.02,184.58,130.90200000000002,6,/home/zhong.zheng/pty-chi/modeling_exp/B200/R2000/bh/e1_bs1000_power.csv,8192000,0.724764,0.14064500000000002,0.865409,2,True,1146880.0,0.00114688,2.29376,False
B200,R2000,bh,2,1000,2000,64,64,64,0.700128,0.004581,0.112811,0.458375,0.0,1.276919,/home/zhong.zheng/pty-chi/modeling_exp/B200/R2000/bh/e2_bs1000.log,1.1,164.76714285714283,144.1,196.82,167.75600000000003,7,/home/zhong.zheng/pty-chi/modeling_exp/B200/R2000/bh/e2_bs1000_power.csv,8192000,0.700128,0.117392,0.8175199999999999,2,False,1146880.0,0.00114688,4.58752,True
B200,R2000,bh,4,1000,2000,64,64,64,0.675476,0.003867,0.098448,0.568618,0.0,1.347839,/home/zhong.zheng/pty-chi/modeling_exp/B200/R2000/bh/e4_bs1000.log,1.11,167.98857142857142,145.26,201.09,171.46200000000005,7,/home/zhong.zheng/pty-chi/modeling_exp/B200/R2000/bh/e4_bs1000_power.csv,8192000,0.675476,0.10231499999999999,0.7777909999999999,2,False,1146880.0,0.00114688,9.17504,True
B200,R2000,bh,6,1000,2000,64,64,64,0.719363,0.003669,0.093761,0.734016,0.0,1.551762,/home/zhong.zheng/pty-chi/modeling_exp/B200/R2000/bh/e6_bs1000.log,1.31,170.31875,144.12,206.35,208.639,8,/home/zhong.zheng/pty-chi/modeling_exp/B200/R2000/bh/e6_bs1000_power.csv,8192000,0.719363,0.09743,0.816793,2,False,1146880.0,0.00114688,13.76256,True
B200,R2000,dm,1,1000,2000,64,64,64,0.722876,0.005663,0.102078,0.387047,0.0,1.21866,/home/zhong.zheng/pty-chi/modeling_exp/B200/R2000/dm/e1_bs1000.log,0.91,160.42,144.41,184.37,130.744,6,/home/zhong.zheng/pty-chi/modeling_exp/B200/R2000/dm/e1_bs1000_power.csv,8192000,0.722876,0.107741,0.8306169999999999,2,True,1474560.0,0.00147456,2.94912,False
B200,R2000,dm,2,1000,2000,64,64,64,0.700471,0.005622,0.097445,0.430381,0.0,1.234996,/home/zhong.zheng/pty-chi/modeling_exp/B200/R2000/dm/e2_bs1000.log,0.91,161.61333333333332,144.81,185.89,131.878,6,/home/zhong.zheng/pty-chi/modeling_exp/B200/R2000/dm/e2_bs1000_power.csv,8192000,0.700471,0.103067,0.803538,2,False,1474560.0,0.00147456,5.89824,True
B200,R2000,dm,4,1000,2000,64,64,64,0.739762,0.006506,0.097202,0.548276,0.0,1.392844,/home/zhong.zheng/pty-chi/modeling_exp/B200/R2000/dm/e4_bs1000.log,1.12,165.79857142857145,144.2,199.24,168.93300000000002,7,/home/zhong.zheng/pty-chi/modeling_exp/B200/R2000/dm/e4_bs1000_power.csv,8192000,0.739762,0.103708,0.84347,2,False,1474560.0,0.00147456,11.79648,True
B200,R2000,dm,6,1000,2000,64,64,64,0.707256,0.006599,0.117476,0.659889,0.0,1.492143,/home/zhong.zheng/pty-chi/modeling_exp/B200/R2000/dm/e6_bs1000.log,1.32,170.4175,144.14,207.86,210.12040000000005,8,/home/zhong.zheng/pty-chi/modeling_exp/B200/R2000/dm/e6_bs1000_power.csv,8192000,0.707256,0.12407499999999999,0.831331,2,False,1474560.0,0.00147456,17.69472,True
B200,R2000,lsqml,1,1000,2000,64,64,64,0.750042,0.003659,0.163093,0.367351,0.0,1.284969,/home/zhong.zheng/pty-chi/modeling_exp/B200/R2000/lsqml/e1_bs1000.log,0.91,160.895,145.11,184.18,131.108,6,/home/zhong.zheng/pty-chi/modeling_exp/B200/R2000/lsqml/e1_bs1000_power.csv,8192000,0.750042,0.16675199999999998,0.9167939999999999,2,True,983040.0,0.00098304,1.96608,False
B200,R2000,lsqml,2,1000,2000,64,64,64,0.708138,0.003714,0.126294,0.509164,0.0,1.348093,/home/zhong.zheng/pty-chi/modeling_exp/B200/R2000/lsqml/e2_bs1000.log,1.12,166.36285714285714,144.63,196.8,171.61135000000002,7,/home/zhong.zheng/pty-chi/modeling_exp/B200/R2000/lsqml/e2_bs1000_power.csv,8192000,0.708138,0.13000799999999998,0.8381460000000001,2,False,983040.0,0.00098304,3.93216,True
B200,R2000,lsqml,4,1000,2000,64,64,64,0.721786,0.004884,0.098596,0.671266,0.0,1.49759,/home/zhong.zheng/pty-chi/modeling_exp/B200/R2000/lsqml/e4_bs1000.log,1.32,169.84875,144.07,204.11,208.12400000000002,8,/home/zhong.zheng/pty-chi/modeling_exp/B200/R2000/lsqml/e4_bs1000_power.csv,8192000,0.721786,0.10348,0.825266,2,False,983040.0,0.00098304,7.86432,True
B200,R2000,lsqml,6,1000,2000,64,64,64,0.72434,0.003508,0.129906,0.763934,0.0,1.62311,/home/zhong.zheng/pty-chi/modeling_exp/B200/R2000/lsqml/e6_bs1000.log,1.32,170.37750000000003,144.15,202.97,209.062,8,/home/zhong.zheng/pty-chi/modeling_exp/B200/R2000/lsqml/e6_bs1000_power.csv,8192000,0.72434,0.133414,0.8577539999999999,2,False,983040.0,0.00098304,11.79648,True
B200,R2000,pie,1,1000,2000,64,64,64,0.690996,0.0048,0.099935,8.75424,0.0,9.551393,/home/zhong.zheng/pty-chi/modeling_exp/B200/R2000/pie/e1_bs1000.log,9.28,193.97145833333332,144.55,199.26,1800.4849,48,/home/zhong.zheng/pty-chi/modeling_exp/B200/R2000/pie/e1_bs1000_power.csv,8192000,0.690996,0.104735,0.7957310000000001,2,True,819200.0,0.0008192,1.6384,False
B200,R2000,pie,2,1000,2000,64,64,64,0.67942,0.003806,0.097288,17.867216,0.0,18.649134,/home/zhong.zheng/pty-chi/modeling_exp/B200/R2000/pie/e2_bs1000.log,18.31,196.65268817204307,144.71,199.36,3596.3172999999992,93,/home/zhong.zheng/pty-chi/modeling_exp/B200/R2000/pie/e2_bs1000_power.csv,8192000,0.67942,0.101094,0.780514,2,False,819200.0,0.0008192,3.2768,True
B200,R2000,pie,4,1000,2000,64,64,64,0.722707,0.003653,0.123604,34.844683,0.0,35.695605,/home/zhong.zheng/pty-chi/modeling_exp/B200/R2000/pie/e4_bs1000.log,35.35,198.01258426966294,144.02,199.78,6993.5522,178,/home/zhong.zheng/pty-chi/modeling_exp/B200/R2000/pie/e4_bs1000_power.csv,8192000,0.722707,0.127257,0.849964,2,False,819200.0,0.0008192,6.5536,True
B200,R2000,pie,6,1000,2000,64,64,64,0.702922,0.003594,0.099456,50.873841,0.0,51.682169,/home/zhong.zheng/pty-chi/modeling_exp/B200/R2000/pie/e6_bs1000.log,51.36,198.71263565891473,144.88,200.02,10200.0794,258,/home/zhong.zheng/pty-chi/modeling_exp/B200/R2000/pie/e6_bs1000_power.csv,8192000,0.702922,0.10305,0.805972,2,False,819200.0,0.0008192,9.8304,True
B200,R4000,ad_ptycho,1,1000,4000,64,64,64,0.796642,0.003854,0.120935,0.45422,0.0,1.377111,/home/zhong.zheng/pty-chi/modeling_exp/B200/R4000/ad_ptycho/e1_bs1000.log,1.07,163.56285714285715,145.48,190.87,168.0695,7,/home/zhong.zheng/pty-chi/modeling_exp/B200/R4000/ad_ptycho/e1_bs1000_power.csv,16384000,0.796642,0.124789,0.921431,4,True,1720320.0,0.00172032,6.88128,False
B200,R4000,ad_ptycho,2,1000,4000,64,64,64,0.815356,0.004661,0.167287,0.591372,0.0,1.579848,/home/zhong.zheng/pty-chi/modeling_exp/B200/R4000/ad_ptycho/e2_bs1000.log,1.27,167.36,144.45,201.86,204.219,8,/home/zhong.zheng/pty-chi/modeling_exp/B200/R4000/ad_ptycho/e2_bs1000_power.csv,16384000,0.815356,0.171948,0.987304,4,False,1720320.0,0.00172032,13.76256,True
B200,R4000,ad_ptycho,4,1000,4000,64,64,64,0.836848,0.004464,0.129899,0.801632,0.0,1.77405,/home/zhong.zheng/pty-chi/modeling_exp/B200/R4000/ad_ptycho/e4_bs1000.log,1.47,172.10111111111112,144.55,207.04,245.682,9,/home/zhong.zheng/pty-chi/modeling_exp/B200/R4000/ad_ptycho/e4_bs1000_power.csv,16384000,0.836848,0.13436299999999998,0.971211,4,False,1720320.0,0.00172032,27.52512,True
B200,R4000,ad_ptycho,6,1000,4000,64,64,64,0.830625,0.004675,0.154413,1.060458,0.0,2.051357,/home/zhong.zheng/pty-chi/modeling_exp/B200/R4000/ad_ptycho/e6_bs1000.log,1.67,176.59499999999997,144.33,216.31,288.224,10,/home/zhong.zheng/pty-chi/modeling_exp/B200/R4000/ad_ptycho/e6_bs1000_power.csv,16384000,0.830625,0.159088,0.989713,4,False,1720320.0,0.00172032,41.28768,True
B200,R4000,bh,1,1000,4000,64,64,64,0.776154,0.003881,0.091412,0.466395,0.0,1.33985,/home/zhong.zheng/pty-chi/modeling_exp/B200/R4000/bh/e1_bs1000.log,1.07,163.33285714285714,144.66,192.89,165.95100000000002,7,/home/zhong.zheng/pty-chi/modeling_exp/B200/R4000/bh/e1_bs1000_power.csv,16384000,0.776154,0.09529299999999999,0.8714470000000001,4,True,1146880.0,0.00114688,4.58752,False
B200,R4000,bh,2,1000,4000,64,64,64,0.776939,0.004423,0.1321,0.611144,0.0,1.526038,/home/zhong.zheng/pty-chi/modeling_exp/B200/R4000/bh/e2_bs1000.log,1.27,167.6825,144.8,202.4,204.59300000000002,8,/home/zhong.zheng/pty-chi/modeling_exp/B200/R4000/bh/e2_bs1000_power.csv,16384000,0.776939,0.136523,0.913462,4,False,1146880.0,0.00114688,9.17504,True
B200,R4000,bh,4,1000,4000,64,64,64,0.815431,0.004524,0.139565,0.860896,0.0,1.821695,/home/zhong.zheng/pty-chi/modeling_exp/B200/R4000/bh/e4_bs1000.log,1.47,170.70111111111112,143.96,205.7,243.50300000000001,9,/home/zhong.zheng/pty-chi/modeling_exp/B200/R4000/bh/e4_bs1000_power.csv,16384000,0.815431,0.144089,0.9595199999999999,4,False,1146880.0,0.00114688,18.35008,True
B200,R4000,bh,6,1000,4000,64,64,64,0.803039,0.003623,0.099273,1.03248,0.0,1.939805,/home/zhong.zheng/pty-chi/modeling_exp/B200/R4000/bh/e6_bs1000.log,1.67,176.673,144.84,217.06,288.129,10,/home/zhong.zheng/pty-chi/modeling_exp/B200/R4000/bh/e6_bs1000_power.csv,16384000,0.803039,0.102896,0.9059349999999999,4,False,1146880.0,0.00114688,27.52512,True
B200,R4000,dm,1,1000,4000,64,64,64,0.809711,0.007625,0.087902,0.438388,0.0,1.345205,/home/zhong.zheng/pty-chi/modeling_exp/B200/R4000/dm/e1_bs1000.log,1.07,164.0942857142857,145.35,192.24,166.837,7,/home/zhong.zheng/pty-chi/modeling_exp/B200/R4000/dm/e1_bs1000_power.csv,16384000,0.809711,0.095527,0.905238,4,True,1474560.0,0.00147456,5.89824,False
B200,R4000,dm,2,1000,4000,64,64,64,0.796529,0.008503,0.099372,0.571002,0.0,1.476495,/home/zhong.zheng/pty-chi/modeling_exp/B200/R4000/dm/e2_bs1000.log,1.27,167.53750000000002,145.38,202.65,206.1035,8,/home/zhong.zheng/pty-chi/modeling_exp/B200/R4000/dm/e2_bs1000_power.csv,16384000,0.796529,0.107875,0.9044040000000001,4,False,1474560.0,0.00147456,11.79648,True
B200,R4000,dm,4,1000,4000,64,64,64,1.197861,0.007677,0.146575,0.803017,0.0,2.156216,/home/zhong.zheng/pty-chi/modeling_exp/B200/R4000/dm/e4_bs1000.log,1.87,168.5090909090909,144.73,209.79,306.3,11,/home/zhong.zheng/pty-chi/modeling_exp/B200/R4000/dm/e4_bs1000_power.csv,16384000,1.197861,0.154252,1.3521130000000001,4,False,1474560.0,0.00147456,23.59296,True
B200,R4000,dm,6,1000,4000,64,64,64,0.80873,0.007933,0.110442,1.012426,0.0,1.941063,/home/zhong.zheng/pty-chi/modeling_exp/B200/R4000/dm/e6_bs1000.log,1.67,176.601,145.12,214.32,288.21099999999996,10,/home/zhong.zheng/pty-chi/modeling_exp/B200/R4000/dm/e6_bs1000_power.csv,16384000,0.80873,0.118375,0.927105,4,False,1474560.0,0.00147456,35.38944,True
B200,R4000,lsqml,1,1000,4000,64,64,64,0.794421,0.003553,0.123955,0.403534,0.0,1.326748,/home/zhong.zheng/pty-chi/modeling_exp/B200/R4000/lsqml/e1_bs1000.log,1.07,163.03142857142856,145.05,191.09,165.592,7,/home/zhong.zheng/pty-chi/modeling_exp/B200/R4000/lsqml/e1_bs1000_power.csv,16384000,0.794421,0.12750799999999998,0.9219290000000001,4,True,983040.0,0.00098304,3.93216,False
B200,R4000,lsqml,2,1000,4000,64,64,64,0.78155,0.004543,0.152184,0.651691,0.0,1.591307,/home/zhong.zheng/pty-chi/modeling_exp/B200/R4000/lsqml/e2_bs1000.log,1.27,167.0875,144.5,200.61,203.906,8,/home/zhong.zheng/pty-chi/modeling_exp/B200/R4000/lsqml/e2_bs1000_power.csv,16384000,0.78155,0.156727,0.9382769999999999,4,False,983040.0,0.00098304,7.86432,True
B200,R4000,lsqml,4,1000,4000,64,64,64,0.784725,0.004547,0.1329,0.848412,0.0,1.771756,/home/zhong.zheng/pty-chi/modeling_exp/B200/R4000/lsqml/e4_bs1000.log,1.47,171.75777777777776,144.78,205.85,245.13,9,/home/zhong.zheng/pty-chi/modeling_exp/B200/R4000/lsqml/e4_bs1000_power.csv,16384000,0.784725,0.13744699999999999,0.922172,4,False,983040.0,0.00098304,15.72864,True
B200,R4000,lsqml,6,1000,4000,64,64,64,0.809572,0.004547,0.130412,1.090688,0.0,2.037396,/home/zhong.zheng/pty-chi/modeling_exp/B200/R4000/lsqml/e6_bs1000.log,1.67,177.027,144.86,212.85,289.26599999999996,10,/home/zhong.zheng/pty-chi/modeling_exp/B200/R4000/lsqml/e6_bs1000_power.csv,16384000,0.809572,0.134959,0.9445309999999999,4,False,983040.0,0.00098304,23.59296,True
B200,R4000,pie,1,1000,4000,64,64,64,0.81089,0.004441,0.097807,17.456272,0.0,18.37076,/home/zhong.zheng/pty-chi/modeling_exp/B200/R4000/pie/e1_bs1000.log,18.08,196.53293478260872,144.47,200.1,3554.8965,92,/home/zhong.zheng/pty-chi/modeling_exp/B200/R4000/pie/e1_bs1000_power.csv,16384000,0.81089,0.102248,0.913138,4,True,819200.0,0.0008192,3.2768,False
B200,R4000,pie,2,1000,4000,64,64,64,0.802465,0.004731,0.136197,33.759845,0.0,34.704489,/home/zhong.zheng/pty-chi/modeling_exp/B200/R4000/pie/e2_bs1000.log,34.5,197.9645977011495,144.63,200.14,6831.7755,174,/home/zhong.zheng/pty-chi/modeling_exp/B200/R4000/pie/e2_bs1000_power.csv,16384000,0.802465,0.14092800000000003,0.943393,4,False,819200.0,0.0008192,6.5536,True
B200,R4000,pie,4,1000,4000,64,64,64,0.80012,0.003684,0.14227,68.557794,0.0,69.506327,/home/zhong.zheng/pty-chi/modeling_exp/B200/R4000/pie/e4_bs1000.log,69.33,198.933908045977,145.13,200.46,13794.194599999999,348,/home/zhong.zheng/pty-chi/modeling_exp/B200/R4000/pie/e4_bs1000_power.csv,16384000,0.80012,0.145954,0.9460740000000001,4,False,819200.0,0.0008192,13.1072,True
B200,R4000,pie,6,1000,4000,64,64,64,0.809088,0.004747,0.094949,102.899214,0.0,103.809395,/home/zhong.zheng/pty-chi/modeling_exp/B200/R4000/pie/e6_bs1000.log,103.56,199.32799614643545,145.12,200.64,20644.668149999998,519,/home/zhong.zheng/pty-chi/modeling_exp/B200/R4000/pie/e6_bs1000_power.csv,16384000,0.809088,0.099696,0.908784,4,False,819200.0,0.0008192,19.6608,True
B200,R8000,ad_ptycho,1,1000,8000,64,64,64,1.069137,0.004266,0.093973,0.615878,0.0,1.784274,/home/zhong.zheng/pty-chi/modeling_exp/B200/R8000/ad_ptycho/e1_bs1000.log,1.47,163.62555555555556,145.21,199.37,230.971,9,/home/zhong.zheng/pty-chi/modeling_exp/B200/R8000/ad_ptycho/e1_bs1000_power.csv,32768000,1.069137,0.098239,1.1673760000000002,8,True,1720320.0,0.00172032,13.76256,False
B200,R8000,ad_ptycho,2,1000,8000,64,64,64,1.114203,0.003699,0.089219,0.882618,0.0,2.090983,/home/zhong.zheng/pty-chi/modeling_exp/B200/R8000/ad_ptycho/e2_bs1000.log,1.87,169.07999999999998,144.24,209.45,307.735,11,/home/zhong.zheng/pty-chi/modeling_exp/B200/R8000/ad_ptycho/e2_bs1000_power.csv,32768000,1.114203,0.092918,1.2071209999999999,8,False,1720320.0,0.00172032,27.52512,True
B200,R8000,ad_ptycho,4,1000,8000,64,64,64,1.072402,0.003558,0.093942,1.34099,0.0,2.511892,/home/zhong.zheng/pty-chi/modeling_exp/B200/R8000/ad_ptycho/e4_bs1000.log,2.27,179.31230769230766,144.85,226.76,400.056,13,/home/zhong.zheng/pty-chi/modeling_exp/B200/R8000/ad_ptycho/e4_bs1000_power.csv,32768000,1.072402,0.0975,1.169902,8,False,1720320.0,0.00172032,55.05024,True
B200,R8000,ad_ptycho,6,1000,8000,64,64,64,1.09624,0.004765,0.091528,1.729295,0.0,2.92264,/home/zhong.zheng/pty-chi/modeling_exp/B200/R8000/ad_ptycho/e6_bs1000.log,2.67,186.512,145.68,231.64,494.23895,15,/home/zhong.zheng/pty-chi/modeling_exp/B200/R8000/ad_ptycho/e6_bs1000_power.csv,32768000,1.09624,0.096293,1.192533,8,False,1720320.0,0.00172032,82.57536,True
B200,R8000,bh,1,1000,8000,64,64,64,1.055276,0.00371,0.096891,0.637577,0.0,1.794828,/home/zhong.zheng/pty-chi/modeling_exp/B200/R8000/bh/e1_bs1000.log,1.47,164.1833333333333,145.54,198.66,231.95399999999998,9,/home/zhong.zheng/pty-chi/modeling_exp/B200/R8000/bh/e1_bs1000_power.csv,32768000,1.055276,0.10060100000000001,1.1558770000000003,8,True,1146880.0,0.00114688,9.17504,False
B200,R8000,bh,2,1000,8000,64,64,64,1.088608,0.003535,0.115322,0.847604,0.0,2.056055,/home/zhong.zheng/pty-chi/modeling_exp/B200/R8000/bh/e2_bs1000.log,1.87,169.3481818181818,144.51,208.98,308.29800000000006,11,/home/zhong.zheng/pty-chi/modeling_exp/B200/R8000/bh/e2_bs1000_power.csv,32768000,1.088608,0.11885699999999999,1.207465,8,False,1146880.0,0.00114688,18.35008,True
B200,R8000,bh,4,1000,8000,64,64,64,1.091599,0.003646,0.098853,1.321809,0.0,2.517469,/home/zhong.zheng/pty-chi/modeling_exp/B200/R8000/bh/e4_bs1000.log,2.28,176.48692307692306,144.29,222.64,394.75705,13,/home/zhong.zheng/pty-chi/modeling_exp/B200/R8000/bh/e4_bs1000_power.csv,32768000,1.091599,0.10249899999999999,1.194098,8,False,1146880.0,0.00114688,36.70016,True
B200,R8000,bh,6,1000,8000,64,64,64,1.088868,0.004786,0.123638,1.769568,0.0,2.987716,/home/zhong.zheng/pty-chi/modeling_exp/B200/R8000/bh/e6_bs1000.log,2.67,184.098,145.04,230.17,485.75199999999995,15,/home/zhong.zheng/pty-chi/modeling_exp/B200/R8000/bh/e6_bs1000_power.csv,32768000,1.088868,0.128424,1.2172919999999998,8,False,1146880.0,0.00114688,55.05024,True
B200,R8000,dm,1,1000,8000,64,64,64,1.073473,0.013961,0.090366,0.602185,0.0,1.781307,/home/zhong.zheng/pty-chi/modeling_exp/B200/R8000/dm/e1_bs1000.log,1.47,162.33444444444447,145.35,196.17,228.944,9,/home/zhong.zheng/pty-chi/modeling_exp/B200/R8000/dm/e1_bs1000_power.csv,32768000,1.073473,0.104327,1.1777999999999997,8,True,1474560.0,0.00147456,11.79648,False
B200,R8000,dm,2,1000,8000,64,64,64,1.100977,0.0134,0.132098,0.825428,0.0,2.073024,/home/zhong.zheng/pty-chi/modeling_exp/B200/R8000/dm/e2_bs1000.log,1.87,169.1436363636364,144.55,209.65,307.75300000000004,11,/home/zhong.zheng/pty-chi/modeling_exp/B200/R8000/dm/e2_bs1000_power.csv,32768000,1.100977,0.145498,1.2464750000000002,8,False,1474560.0,0.00147456,23.59296,True
B200,R8000,dm,4,1000,8000,64,64,64,1.082027,0.012711,0.115824,1.374386,0.0,2.586186,/home/zhong.zheng/pty-chi/modeling_exp/B200/R8000/dm/e4_bs1000.log,2.27,178.8692307692308,145.56,224.78,398.88699999999994,13,/home/zhong.zheng/pty-chi/modeling_exp/B200/R8000/dm/e4_bs1000_power.csv,32768000,1.082027,0.128535,1.210562,8,False,1474560.0,0.00147456,47.18592,True
B200,R8000,dm,6,1000,8000,64,64,64,1.093801,0.013563,0.091528,1.816465,0.0,3.016591,/home/zhong.zheng/pty-chi/modeling_exp/B200/R8000/dm/e6_bs1000.log,2.68,185.05333333333334,145.04,227.81,490.5598,15,/home/zhong.zheng/pty-chi/modeling_exp/B200/R8000/dm/e6_bs1000_power.csv,32768000,1.093801,0.105091,1.198892,8,False,1474560.0,0.00147456,70.77888,True
B200,R8000,lsqml,1,1000,8000,64,64,64,1.093939,0.003593,0.090827,0.543236,0.0,1.73265,/home/zhong.zheng/pty-chi/modeling_exp/B200/R8000/lsqml/e1_bs1000.log,1.47,161.38444444444445,144.97,196.27,227.351,9,/home/zhong.zheng/pty-chi/modeling_exp/B200/R8000/lsqml/e1_bs1000_power.csv,32768000,1.093939,0.09442,1.188359,8,True,983040.0,0.00098304,7.86432,False
B200,R8000,lsqml,2,1000,8000,64,64,64,1.076987,0.003687,0.097524,0.893021,0.0,2.072029,/home/zhong.zheng/pty-chi/modeling_exp/B200/R8000/lsqml/e2_bs1000.log,1.87,169.9518181818182,144.73,207.73,309.68700000000007,11,/home/zhong.zheng/pty-chi/modeling_exp/B200/R8000/lsqml/e2_bs1000_power.csv,32768000,1.076987,0.101211,1.1781979999999999,8,False,983040.0,0.00098304,15.72864,True
B200,R8000,lsqml,4,1000,8000,64,64,64,1.095745,0.004233,0.111022,1.352575,0.0,2.56466,/home/zhong.zheng/pty-chi/modeling_exp/B200/R8000/lsqml/e4_bs1000.log,2.27,175.8130769230769,144.44,216.66,392.07400000000007,13,/home/zhong.zheng/pty-chi/modeling_exp/B200/R8000/lsqml/e4_bs1000_power.csv,32768000,1.095745,0.115255,1.2109999999999999,8,False,983040.0,0.00098304,31.45728,True
B200,R8000,lsqml,6,1000,8000,64,64,64,1.10214,0.00433,0.088652,1.938371,0.0,3.134681,/home/zhong.zheng/pty-chi/modeling_exp/B200/R8000/lsqml/e6_bs1000.log,2.87,185.273125,144.49,228.37,526.6610000000001,16,/home/zhong.zheng/pty-chi/modeling_exp/B200/R8000/lsqml/e6_bs1000_power.csv,32768000,1.10214,0.092982,1.1951219999999998,8,False,983040.0,0.00098304,47.18592,True
B200,R8000,pie,1,1000,8000,64,64,64,1.072096,0.004234,0.125815,34.172907,0.0,35.376717,/home/zhong.zheng/pty-chi/modeling_exp/B200/R8000/pie/e1_bs1000.log,35.09,197.70180790960453,145.04,201.4,6941.111650000001,177,/home/zhong.zheng/pty-chi/modeling_exp/B200/R8000/pie/e1_bs1000_power.csv,32768000,1.072096,0.130049,1.202145,8,True,819200.0,0.0008192,6.5536,False
B200,R8000,pie,2,1000,8000,64,64,64,1.070257,0.004453,0.121211,66.455126,0.0,67.652379,/home/zhong.zheng/pty-chi/modeling_exp/B200/R8000/pie/e2_bs1000.log,67.33,198.8950295857988,145.17,201.55,13395.17815,338,/home/zhong.zheng/pty-chi/modeling_exp/B200/R8000/pie/e2_bs1000_power.csv,32768000,1.070257,0.125664,1.195921,8,False,819200.0,0.0008192,13.1072,True
B200,R8000,pie,4,1000,8000,64,64,64,1.11242,0.003431,0.093877,146.248354,0.0,147.460298,/home/zhong.zheng/pty-chi/modeling_exp/B200/R8000/pie/e4_bs1000.log,147.21,199.52462686567162,144.18,201.37,29374.647900000004,737,/home/zhong.zheng/pty-chi/modeling_exp/B200/R8000/pie/e4_bs1000_power.csv,32768000,1.11242,0.097308,1.209728,8,False,819200.0,0.0008192,26.2144,True
B200,R8000,pie,6,1000,8000,64,64,64,1.077379,0.003407,0.115198,202.194293,0.0,203.392677,/home/zhong.zheng/pty-chi/modeling_exp/B200/R8000/pie/e6_bs1000.log,203.06,200.05060039370082,145.0,202.13,40624.8036,1016,/home/zhong.zheng/pty-chi/modeling_exp/B200/R8000/pie/e6_bs1000_power.csv,32768000,1.077379,0.11860499999999999,1.195984,8,False,819200.0,0.0008192,39.3216,True
H100,R1000,ad_ptycho,1,1000,1000,64,64,64,1.172964,0.004576,0.094733,0.693531,0.0,1.966287,/home/zhong.zheng/pty-chi/modeling_exp/H100/R1000/ad_ptycho/e1_bs1000.log,1.72,97.4877777777778,72.18,119.01,141.927,9,/home/zhong.zheng/pty-chi/modeling_exp/H100/R1000/ad_ptycho/e1_bs1000_power.csv,4096000,1.172964,0.099309,1.2722729999999998,1,True,1720320.0,0.00172032,1.72032,False
H100,R1000,ad_ptycho,2,1000,1000,64,64,64,1.308811,0.004507,0.109155,0.559346,0.0,1.982403,/home/zhong.zheng/pty-chi/modeling_exp/H100/R1000/ad_ptycho/e2_bs1000.log,1.52,95.095,71.93,120.36,118.53699999999999,8,/home/zhong.zheng/pty-chi/modeling_exp/H100/R1000/ad_ptycho/e2_bs1000_power.csv,4096000,1.308811,0.113662,1.422473,1,False,1720320.0,0.00172032,3.44064,True
H100,R1000,ad_ptycho,4,1000,1000,64,64,64,1.389025,0.004477,0.091079,0.528095,0.0,2.013218,/home/zhong.zheng/pty-chi/modeling_exp/H100/R1000/ad_ptycho/e4_bs1000.log,1.52,94.85624999999999,71.9,121.26,118.07200000000002,8,/home/zhong.zheng/pty-chi/modeling_exp/H100/R1000/ad_ptycho/e4_bs1000_power.csv,4096000,1.389025,0.09555599999999999,1.484581,1,False,1720320.0,0.00172032,6.88128,True
H100,R1000,ad_ptycho,6,1000,1000,64,64,64,1.034229,0.004372,0.130243,0.632314,0.0,1.801617,/home/zhong.zheng/pty-chi/modeling_exp/H100/R1000/ad_ptycho/e6_bs1000.log,1.51,96.3375,73.36,121.53,119.915,8,/home/zhong.zheng/pty-chi/modeling_exp/H100/R1000/ad_ptycho/e6_bs1000_power.csv,4096000,1.034229,0.13461499999999998,1.168844,1,False,1720320.0,0.00172032,10.32192,True
H100,R1000,bh,1,1000,1000,64,64,64,1.541531,0.004468,0.115432,0.985153,0.0,2.647065,/home/zhong.zheng/pty-chi/modeling_exp/H100/R1000/bh/e1_bs1000.log,2.15,97.15727272727273,72.09,118.89,193.1957,11,/home/zhong.zheng/pty-chi/modeling_exp/H100/R1000/bh/e1_bs1000_power.csv,4096000,1.541531,0.1199,1.6614309999999999,1,True,1146880.0,0.00114688,1.14688,False
H100,R1000,bh,2,1000,1000,64,64,64,1.552721,0.004538,0.089125,0.489553,0.0,2.137004,/home/zhong.zheng/pty-chi/modeling_exp/H100/R1000/bh/e2_bs1000.log,1.31,93.62857142857142,75.16,118.37,96.638,7,/home/zhong.zheng/pty-chi/modeling_exp/H100/R1000/bh/e2_bs1000_power.csv,4096000,1.552721,0.093663,1.6463839999999998,1,False,1146880.0,0.00114688,2.29376,True
H100,R1000,bh,4,1000,1000,64,64,64,1.390007,0.00423,0.089,0.481985,0.0,1.965762,/home/zhong.zheng/pty-chi/modeling_exp/H100/R1000/bh/e4_bs1000.log,1.52,95.07249999999999,72.11,122.71,118.20799999999998,8,/home/zhong.zheng/pty-chi/modeling_exp/H100/R1000/bh/e4_bs1000_power.csv,4096000,1.390007,0.09323,1.483237,1,False,1146880.0,0.00114688,4.58752,True
H100,R1000,bh,6,1000,1000,64,64,64,1.223729,0.004522,0.125752,0.583771,0.0,1.938232,/home/zhong.zheng/pty-chi/modeling_exp/H100/R1000/bh/e6_bs1000.log,1.67,94.09333333333333,72.76,122.09,143.44849999999997,9,/home/zhong.zheng/pty-chi/modeling_exp/H100/R1000/bh/e6_bs1000_power.csv,4096000,1.223729,0.130274,1.354003,1,False,1146880.0,0.00114688,6.88128,True
H100,R1000,dm,1,1000,1000,64,64,64,1.04659,0.005642,0.147958,0.606057,0.0,1.807293,/home/zhong.zheng/pty-chi/modeling_exp/H100/R1000/dm/e1_bs1000.log,1.52,94.7575,72.13,119.34,118.03800000000001,8,/home/zhong.zheng/pty-chi/modeling_exp/H100/R1000/dm/e1_bs1000_power.csv,4096000,1.04659,0.15360000000000001,1.2001899999999999,1,True,1474560.0,0.00147456,1.47456,False
H100,R1000,dm,2,1000,1000,64,64,64,1.618018,0.005506,0.076072,0.42772,0.0,2.12788,/home/zhong.zheng/pty-chi/modeling_exp/H100/R1000/dm/e2_bs1000.log,1.54,90.31375,73.54,116.44,123.42810000000003,8,/home/zhong.zheng/pty-chi/modeling_exp/H100/R1000/dm/e2_bs1000_power.csv,4096000,1.618018,0.081578,1.6995959999999999,1,False,1474560.0,0.00147456,2.94912,True
H100,R1000,dm,4,1000,1000,64,64,64,1.553547,0.005653,0.092939,0.523703,0.0,2.176403,/home/zhong.zheng/pty-chi/modeling_exp/H100/R1000/dm/e4_bs1000.log,1.31,90.99428571428572,72.11,116.57,94.09500000000001,7,/home/zhong.zheng/pty-chi/modeling_exp/H100/R1000/dm/e4_bs1000_power.csv,4096000,1.553547,0.098592,1.652139,1,False,1474560.0,0.00147456,5.89824,True
H100,R1000,dm,6,1000,1000,64,64,64,1.306977,0.005466,0.118966,0.577905,0.0,2.009775,/home/zhong.zheng/pty-chi/modeling_exp/H100/R1000/dm/e6_bs1000.log,1.52,95.4875,72.14,124.46,118.68599999999999,8,/home/zhong.zheng/pty-chi/modeling_exp/H100/R1000/dm/e6_bs1000_power.csv,4096000,1.306977,0.124432,1.431409,1,False,1474560.0,0.00147456,8.84736,True
H100,R1000,lsqml,1,1000,1000,64,64,64,1.123706,0.004385,0.081506,0.485884,0.0,1.696074,/home/zhong.zheng/pty-chi/modeling_exp/H100/R1000/lsqml/e1_bs1000.log,1.32,90.96000000000001,72.13,116.3,94.07300000000001,7,/home/zhong.zheng/pty-chi/modeling_exp/H100/R1000/lsqml/e1_bs1000_power.csv,4096000,1.123706,0.085891,1.2095970000000003,1,True,983040.0,0.00098304,0.98304,False
H100,R1000,lsqml,2,1000,1000,64,64,64,1.273492,0.004471,0.126905,0.904111,0.0,2.309423,/home/zhong.zheng/pty-chi/modeling_exp/H100/R1000/lsqml/e2_bs1000.log,1.71,99.03333333333335,74.21,119.8,144.00199999999998,9,/home/zhong.zheng/pty-chi/modeling_exp/H100/R1000/lsqml/e2_bs1000_power.csv,4096000,1.273492,0.131376,1.404868,1,False,983040.0,0.00098304,1.96608,True
H100,R1000,lsqml,4,1000,1000,64,64,64,1.322252,0.004471,0.102891,0.75623,0.0,2.186387,/home/zhong.zheng/pty-chi/modeling_exp/H100/R1000/lsqml/e4_bs1000.log,1.94,96.643,72.97,120.57,172.64339999999999,10,/home/zhong.zheng/pty-chi/modeling_exp/H100/R1000/lsqml/e4_bs1000_power.csv,4096000,1.322252,0.107362,1.429614,1,False,983040.0,0.00098304,3.93216,True
H100,R1000,lsqml,6,1000,1000,64,64,64,1.330867,0.004518,0.091283,0.821106,0.0,2.248332,/home/zhong.zheng/pty-chi/modeling_exp/H100/R1000/lsqml/e6_bs1000.log,1.71,97.73000000000002,72.14,120.45,142.226,9,/home/zhong.zheng/pty-chi/modeling_exp/H100/R1000/lsqml/e6_bs1000_power.csv,4096000,1.330867,0.095801,1.426668,1,False,983040.0,0.00098304,5.89824,True
H100,R1000,pie,1,1000,1000,64,64,64,3.300665,0.024254,0.703616,6.949662,0.0,10.979078,/home/zhong.zheng/pty-chi/modeling_exp/H100/R1000/pie/e1_bs1000.log,10.51,113.12127659574467,72.13,119.23,1180.1630500000003,47,/home/zhong.zheng/pty-chi/modeling_exp/H100/R1000/pie/e1_bs1000_power.csv,4096000,3.300665,0.72787,4.028535,1,True,819200.0,0.0008192,0.8192,False
H100,R1000,pie,2,1000,1000,64,64,64,1.548489,0.004782,0.138584,6.752169,0.0,8.444618,/home/zhong.zheng/pty-chi/modeling_exp/H100/R1000/pie/e2_bs1000.log,7.72,114.41205128205128,71.99,119.61,858.845,39,/home/zhong.zheng/pty-chi/modeling_exp/H100/R1000/pie/e2_bs1000_power.csv,4096000,1.548489,0.14336600000000002,1.691855,1,False,819200.0,0.0008192,1.6384,True
H100,R1000,pie,4,1000,1000,64,64,64,1.274103,0.00469,0.143274,13.078001,0.0,14.500646,/home/zhong.zheng/pty-chi/modeling_exp/H100/R1000/pie/e4_bs1000.log,13.92,116.70842857142857,71.82,119.84,1600.404,70,/home/zhong.zheng/pty-chi/modeling_exp/H100/R1000/pie/e4_bs1000_power.csv,4096000,1.274103,0.147964,1.4220670000000002,1,False,819200.0,0.0008192,3.2768,True
H100,R1000,pie,6,1000,1000,64,64,64,1.092259,0.004444,0.082958,18.93056,0.0,20.112191,/home/zhong.zheng/pty-chi/modeling_exp/H100/R1000/pie/e6_bs1000.log,19.72,117.83646464646466,73.18,119.97,2300.26305,99,/home/zhong.zheng/pty-chi/modeling_exp/H100/R1000/pie/e6_bs1000_power.csv,4096000,1.092259,0.08740200000000001,1.179661,1,False,819200.0,0.0008192,4.9152,True
H100,R12000,ad_ptycho,1,1000,12000,64,64,64,2.065189,0.004488,0.162242,0.781081,0.0,3.013576,/home/zhong.zheng/pty-chi/modeling_exp/H100/R12000/ad_ptycho/e1_bs1000.log,2.6,90.78153846153847,72.12,129.92,217.95675,13,/home/zhong.zheng/pty-chi/modeling_exp/H100/R12000/ad_ptycho/e1_bs1000_power.csv,49152000,2.065189,0.16673,2.231919,12,True,1720320.0,0.00172032,20.64384,False
H100,R12000,ad_ptycho,2,1000,12000,64,64,64,3.49808,0.004488,0.134802,1.33371,0.0,4.971589,/home/zhong.zheng/pty-chi/modeling_exp/H100/R12000/ad_ptycho/e2_bs1000.log,4.28,94.57450000000001,72.01,146.13,378.8209000000001,20,/home/zhong.zheng/pty-chi/modeling_exp/H100/R12000/ad_ptycho/e2_bs1000_power.csv,49152000,3.49808,0.13929,3.6373699999999998,12,False,1720320.0,0.00172032,41.28768,True
H100,R12000,ad_ptycho,4,1000,12000,64,64,64,4.007658,0.004487,0.160954,1.659084,0.0,5.833037,/home/zhong.zheng/pty-chi/modeling_exp/H100/R12000/ad_ptycho/e4_bs1000.log,5.34,100.53826086956522,72.04,163.18,496.231,23,/home/zhong.zheng/pty-chi/modeling_exp/H100/R12000/ad_ptycho/e4_bs1000_power.csv,49152000,4.007658,0.165441,4.173099000000001,12,False,1720320.0,0.00172032,82.57536,True
H100,R12000,ad_ptycho,6,1000,12000,64,64,64,3.267336,0.004465,0.117011,2.553148,0.0,5.942553,/home/zhong.zheng/pty-chi/modeling_exp/H100/R12000/ad_ptycho/e6_bs1000.log,5.48,109.29923076923076,72.09,165.91,566.9889000000001,26,/home/zhong.zheng/pty-chi/modeling_exp/H100/R12000/ad_ptycho/e6_bs1000_power.csv,49152000,3.267336,0.121476,3.388812,12,False,1720320.0,0.00172032,123.86304,True
H100,R12000,bh,1,1000,12000,64,64,64,2.535925,0.004472,0.110052,0.820334,0.0,3.471401,/home/zhong.zheng/pty-chi/modeling_exp/H100/R12000/bh/e1_bs1000.log,2.94,90.72500000000001,73.61,126.48,247.70984999999993,14,/home/zhong.zheng/pty-chi/modeling_exp/H100/R12000/bh/e1_bs1000_power.csv,49152000,2.535925,0.114524,2.650449,12,True,1146880.0,0.00114688,13.76256,False
H100,R12000,bh,2,1000,12000,64,64,64,2.103506,0.004421,0.226501,0.993112,0.0,3.328023,/home/zhong.zheng/pty-chi/modeling_exp/H100/R12000/bh/e2_bs1000.log,2.68,93.77857142857144,72.02,135.31,235.33939999999998,14,/home/zhong.zheng/pty-chi/modeling_exp/H100/R12000/bh/e2_bs1000_power.csv,49152000,2.103506,0.23092200000000002,2.3344279999999995,12,False,1146880.0,0.00114688,27.52512,True
H100,R12000,bh,4,1000,12000,64,64,64,3.135187,0.004444,0.199791,1.680844,0.0,5.020907,/home/zhong.zheng/pty-chi/modeling_exp/H100/R12000/bh/e4_bs1000.log,4.62,99.15761904761905,72.88,160.42,427.93705,21,/home/zhong.zheng/pty-chi/modeling_exp/H100/R12000/bh/e4_bs1000_power.csv,49152000,3.135187,0.204235,3.339422,12,False,1146880.0,0.00114688,55.05024,True
H100,R12000,bh,6,1000,12000,64,64,64,3.980236,0.004422,0.106051,2.347645,0.0,6.438837,/home/zhong.zheng/pty-chi/modeling_exp/H100/R12000/bh/e6_bs1000.log,6.0,107.31925925925925,72.07,170.3,600.7067999999999,27,/home/zhong.zheng/pty-chi/modeling_exp/H100/R12000/bh/e6_bs1000_power.csv,49152000,3.980236,0.110473,4.090709,12,False,1146880.0,0.00114688,82.57536,True
H100,R12000,dm,1,1000,12000,64,64,64,2.251649,0.020797,0.127686,0.941357,0.0,3.342596,/home/zhong.zheng/pty-chi/modeling_exp/H100/R12000/dm/e1_bs1000.log,2.88,91.79666666666667,71.96,134.04,248.29715,15,/home/zhong.zheng/pty-chi/modeling_exp/H100/R12000/dm/e1_bs1000_power.csv,49152000,2.251649,0.148483,2.400132,12,True,1474560.0,0.00147456,17.69472,False
H100,R12000,dm,2,1000,12000,64,64,64,1.844323,0.020708,0.091,1.400546,0.0,3.357784,/home/zhong.zheng/pty-chi/modeling_exp/H100/R12000/dm/e2_bs1000.log,3.08,100.360625,73.05,137.76,293.9461,16,/home/zhong.zheng/pty-chi/modeling_exp/H100/R12000/dm/e2_bs1000_power.csv,49152000,1.844323,0.111708,1.9560309999999999,12,False,1474560.0,0.00147456,35.38944,True
H100,R12000,dm,4,1000,12000,64,64,64,2.193671,0.020379,0.114157,2.159799,0.0,4.488626,/home/zhong.zheng/pty-chi/modeling_exp/H100/R12000/dm/e4_bs1000.log,4.02,109.8045,73.53,148.94,420.89775,20,/home/zhong.zheng/pty-chi/modeling_exp/H100/R12000/dm/e4_bs1000_power.csv,49152000,2.193671,0.134536,2.3282070000000004,12,False,1474560.0,0.00147456,70.77888,True
H100,R12000,dm,6,1000,12000,64,64,64,3.0429,0.02108,0.147059,2.785742,0.0,5.997379,/home/zhong.zheng/pty-chi/modeling_exp/H100/R12000/dm/e6_bs1000.log,5.37,109.1173076923077,71.98,159.63,558.6281,26,/home/zhong.zheng/pty-chi/modeling_exp/H100/R12000/dm/e6_bs1000_power.csv,49152000,3.0429,0.16813899999999998,3.211039,12,False,1474560.0,0.00147456,106.16832,True
H100,R12000,lsqml,1,1000,12000,64,64,64,3.392421,0.004483,0.089611,0.773836,0.0,4.26085,/home/zhong.zheng/pty-chi/modeling_exp/H100/R12000/lsqml/e1_bs1000.log,3.76,88.17250000000001,72.18,123.46,306.6418,16,/home/zhong.zheng/pty-chi/modeling_exp/H100/R12000/lsqml/e1_bs1000_power.csv,49152000,3.392421,0.094094,3.4865150000000003,12,True,983040.0,0.00098304,11.79648,False
H100,R12000,lsqml,2,1000,12000,64,64,64,3.074075,0.004311,0.109657,1.302203,0.0,4.490751,/home/zhong.zheng/pty-chi/modeling_exp/H100/R12000/lsqml/e2_bs1000.log,4.12,91.0985,72.81,128.78,356.61265000000003,20,/home/zhong.zheng/pty-chi/modeling_exp/H100/R12000/lsqml/e2_bs1000_power.csv,49152000,3.074075,0.113968,3.188043,12,False,983040.0,0.00098304,23.59296,True
H100,R12000,lsqml,4,1000,12000,64,64,64,3.64614,0.004479,0.130179,2.081007,0.0,5.862511,/home/zhong.zheng/pty-chi/modeling_exp/H100/R12000/lsqml/e4_bs1000.log,5.28,97.77291666666667,72.07,144.56,484.3979000000001,24,/home/zhong.zheng/pty-chi/modeling_exp/H100/R12000/lsqml/e4_bs1000_power.csv,49152000,3.64614,0.134658,3.780798,12,False,983040.0,0.00098304,47.18592,True
H100,R12000,lsqml,6,1000,12000,64,64,64,3.246145,0.004507,0.131605,2.723343,0.0,6.106485,/home/zhong.zheng/pty-chi/modeling_exp/H100/R12000/lsqml/e6_bs1000.log,5.69,105.11333333333334,72.07,160.61,567.40015,27,/home/zhong.zheng/pty-chi/modeling_exp/H100/R12000/lsqml/e6_bs1000_power.csv,49152000,3.246145,0.136112,3.3822569999999996,12,False,983040.0,0.00098304,70.77888,True
H100,R12000,pie,1,1000,12000,64,64,64,2.90757,0.004303,0.095641,39.54184,0.0,42.550372,/home/zhong.zheng/pty-chi/modeling_exp/H100/R12000/pie/e1_bs1000.log,42.34,117.28442857142859,71.48,122.29,4933.74055,210,/home/zhong.zheng/pty-chi/modeling_exp/H100/R12000/pie/e1_bs1000_power.csv,49152000,2.90757,0.099944,3.0075140000000005,12,True,819200.0,0.0008192,9.8304,False
H100,R12000,pie,2,1000,12000,64,64,64,2.794484,0.004664,0.205766,76.682106,0.0,79.68765,/home/zhong.zheng/pty-chi/modeling_exp/H100/R12000/pie/e2_bs1000.log,79.22,118.98351898734177,71.75,122.57,9399.875699999999,395,/home/zhong.zheng/pty-chi/modeling_exp/H100/R12000/pie/e2_bs1000_power.csv,49152000,2.794484,0.21043,3.0049140000000003,12,False,819200.0,0.0008192,19.6608,True
H100,R12000,pie,4,1000,12000,64,64,64,2.67898,0.004622,0.106628,152.664015,0.0,155.45509,/home/zhong.zheng/pty-chi/modeling_exp/H100/R12000/pie/e4_bs1000.log,154.95,119.65398709677419,72.04,122.79,18528.558399999998,775,/home/zhong.zheng/pty-chi/modeling_exp/H100/R12000/pie/e4_bs1000_power.csv,49152000,2.67898,0.11125,2.79023,12,False,819200.0,0.0008192,39.3216,True
H100,R12000,pie,6,1000,12000,64,64,64,1.724081,0.004415,0.157914,232.411429,0.0,234.298672,/home/zhong.zheng/pty-chi/modeling_exp/H100/R12000/pie/e6_bs1000.log,233.92,120.1175620188195,72.54,122.93,28087.516449999996,1169,/home/zhong.zheng/pty-chi/modeling_exp/H100/R12000/pie/e6_bs1000_power.csv,49152000,1.724081,0.162329,1.8864100000000001,12,False,819200.0,0.0008192,58.9824,True
H100,R2000,ad_ptycho,1,1000,2000,64,64,64,1.38881,0.004333,0.102865,0.55151,0.0,2.048121,/home/zhong.zheng/pty-chi/modeling_exp/H100/R2000/ad_ptycho/e1_bs1000.log,1.52,94.48374999999999,71.96,119.47,117.631,8,/home/zhong.zheng/pty-chi/modeling_exp/H100/R2000/ad_ptycho/e1_bs1000_power.csv,8192000,1.38881,0.107198,1.496008,2,True,1720320.0,0.00172032,3.44064,False
H100,R2000,ad_ptycho,2,1000,2000,64,64,64,1.159587,0.004445,0.098353,0.613654,0.0,1.876504,/home/zhong.zheng/pty-chi/modeling_exp/H100/R2000/ad_ptycho/e2_bs1000.log,1.52,94.535,71.98,119.32,117.72999999999999,8,/home/zhong.zheng/pty-chi/modeling_exp/H100/R2000/ad_ptycho/e2_bs1000_power.csv,8192000,1.159587,0.102798,1.2623849999999999,2,False,1720320.0,0.00172032,6.88128,True
H100,R2000,ad_ptycho,4,1000,2000,64,64,64,1.390138,0.004331,0.081961,0.739176,0.0,2.216043,/home/zhong.zheng/pty-chi/modeling_exp/H100/R2000/ad_ptycho/e4_bs1000.log,1.72,97.82888888888888,71.97,124.86,142.014,9,/home/zhong.zheng/pty-chi/modeling_exp/H100/R2000/ad_ptycho/e4_bs1000_power.csv,8192000,1.390138,0.08629200000000001,1.4764300000000001,2,False,1720320.0,0.00172032,13.76256,True
H100,R2000,ad_ptycho,6,1000,2000,64,64,64,1.066122,0.004557,0.142253,0.88872,0.0,2.102208,/home/zhong.zheng/pty-chi/modeling_exp/H100/R2000/ad_ptycho/e6_bs1000.log,1.72,97.89777777777778,71.93,124.21,142.21599999999998,9,/home/zhong.zheng/pty-chi/modeling_exp/H100/R2000/ad_ptycho/e6_bs1000_power.csv,8192000,1.066122,0.14681,1.212932,2,False,1720320.0,0.00172032,20.64384,True
H100,R2000,bh,1,1000,2000,64,64,64,1.498252,0.004501,0.10532,0.624934,0.0,2.233532,/home/zhong.zheng/pty-chi/modeling_exp/H100/R2000/bh/e1_bs1000.log,1.68,92.46444444444444,71.93,119.11,140.86135,9,/home/zhong.zheng/pty-chi/modeling_exp/H100/R2000/bh/e1_bs1000_power.csv,8192000,1.498252,0.109821,1.608073,2,True,1146880.0,0.00114688,2.29376,False
H100,R2000,bh,2,1000,2000,64,64,64,1.403222,0.004391,0.099365,0.615828,0.0,2.123612,/home/zhong.zheng/pty-chi/modeling_exp/H100/R2000/bh/e2_bs1000.log,1.52,94.22874999999999,72.16,119.43,117.174,8,/home/zhong.zheng/pty-chi/modeling_exp/H100/R2000/bh/e2_bs1000_power.csv,8192000,1.403222,0.103756,1.506978,2,False,1146880.0,0.00114688,4.58752,True
H100,R2000,bh,4,1000,2000,64,64,64,1.329274,0.004209,0.085507,0.810023,0.0,2.229445,/home/zhong.zheng/pty-chi/modeling_exp/H100/R2000/bh/e4_bs1000.log,1.72,97.94666666666666,72.16,125.09,142.14600000000002,9,/home/zhong.zheng/pty-chi/modeling_exp/H100/R2000/bh/e4_bs1000_power.csv,8192000,1.329274,0.089716,1.41899,2,False,1146880.0,0.00114688,9.17504,True
H100,R2000,bh,6,1000,2000,64,64,64,1.392452,0.004308,0.087463,0.851751,0.0,2.336538,/home/zhong.zheng/pty-chi/modeling_exp/H100/R2000/bh/e6_bs1000.log,1.72,97.87666666666665,72.19,124.3,142.091,9,/home/zhong.zheng/pty-chi/modeling_exp/H100/R2000/bh/e6_bs1000_power.csv,8192000,1.392452,0.091771,1.484223,2,False,1146880.0,0.00114688,13.76256,True
H100,R2000,dm,1,1000,2000,64,64,64,1.051475,0.00706,0.142379,0.601505,0.0,1.803251,/home/zhong.zheng/pty-chi/modeling_exp/H100/R2000/dm/e1_bs1000.log,1.52,94.8175,72.19,120.03,118.044,8,/home/zhong.zheng/pty-chi/modeling_exp/H100/R2000/dm/e1_bs1000_power.csv,8192000,1.051475,0.14943900000000002,1.200914,2,True,1474560.0,0.00147456,2.94912,False
H100,R2000,dm,2,1000,2000,64,64,64,1.395826,0.007053,0.088816,0.601533,0.0,2.093909,/home/zhong.zheng/pty-chi/modeling_exp/H100/R2000/dm/e2_bs1000.log,1.52,94.8475,72.04,120.52,118.08800000000001,8,/home/zhong.zheng/pty-chi/modeling_exp/H100/R2000/dm/e2_bs1000_power.csv,8192000,1.395826,0.09586900000000001,1.491695,2,False,1474560.0,0.00147456,5.89824,True
H100,R2000,dm,4,1000,2000,64,64,64,1.387368,0.00702,0.099527,0.702506,0.0,2.1969,/home/zhong.zheng/pty-chi/modeling_exp/H100/R2000/dm/e4_bs1000.log,1.72,98.05666666666667,72.21,125.88,142.251,9,/home/zhong.zheng/pty-chi/modeling_exp/H100/R2000/dm/e4_bs1000_power.csv,8192000,1.387368,0.106547,1.4939149999999999,2,False,1474560.0,0.00147456,11.79648,True
H100,R2000,dm,6,1000,2000,64,64,64,1.341679,0.00704,0.092464,0.798053,0.0,2.239944,/home/zhong.zheng/pty-chi/modeling_exp/H100/R2000/dm/e6_bs1000.log,1.88,95.332,72.22,124.79,164.45584999999997,10,/home/zhong.zheng/pty-chi/modeling_exp/H100/R2000/dm/e6_bs1000_power.csv,8192000,1.341679,0.09950400000000001,1.441183,2,False,1474560.0,0.00147456,17.69472,True
H100,R2000,lsqml,1,1000,2000,64,64,64,1.154826,0.004695,0.103612,0.473758,0.0,1.737464,/home/zhong.zheng/pty-chi/modeling_exp/H100/R2000/lsqml/e1_bs1000.log,1.52,94.43375,71.99,119.63,117.53299999999999,8,/home/zhong.zheng/pty-chi/modeling_exp/H100/R2000/lsqml/e1_bs1000_power.csv,8192000,1.154826,0.108307,1.2631329999999998,2,True,983040.0,0.00098304,1.96608,False
H100,R2000,lsqml,2,1000,2000,64,64,64,1.391306,0.004449,0.109505,0.713145,0.0,2.218879,/home/zhong.zheng/pty-chi/modeling_exp/H100/R2000/lsqml/e2_bs1000.log,1.72,97.1,71.97,120.0,141.18699999999998,9,/home/zhong.zheng/pty-chi/modeling_exp/H100/R2000/lsqml/e2_bs1000_power.csv,8192000,1.391306,0.113954,1.5052599999999998,2,False,983040.0,0.00098304,3.93216,True
H100,R2000,lsqml,4,1000,2000,64,64,64,1.10186,0.00451,0.089107,0.907144,0.0,2.1032,/home/zhong.zheng/pty-chi/modeling_exp/H100/R2000/lsqml/e4_bs1000.log,1.72,98.68555555555555,73.18,120.08,143.599,9,/home/zhong.zheng/pty-chi/modeling_exp/H100/R2000/lsqml/e4_bs1000_power.csv,8192000,1.10186,0.093617,1.1954770000000001,2,False,983040.0,0.00098304,7.86432,True
H100,R2000,lsqml,6,1000,2000,64,64,64,1.092679,0.004539,0.100843,0.94844,0.0,2.14702,/home/zhong.zheng/pty-chi/modeling_exp/H100/R2000/lsqml/e6_bs1000.log,1.92,100.14500000000001,72.01,125.68,166.10899999999998,10,/home/zhong.zheng/pty-chi/modeling_exp/H100/R2000/lsqml/e6_bs1000_power.csv,8192000,1.092679,0.105382,1.198061,2,False,983040.0,0.00098304,11.79648,True
H100,R2000,pie,1,1000,2000,64,64,64,1.317609,0.004524,0.081405,6.916,0.0,8.320379,/home/zhong.zheng/pty-chi/modeling_exp/H100/R2000/pie/e1_bs1000.log,8.08,113.81512195121951,72.54,119.8,907.5935000000001,41,/home/zhong.zheng/pty-chi/modeling_exp/H100/R2000/pie/e1_bs1000_power.csv,8192000,1.317609,0.085929,1.403538,2,True,819200.0,0.0008192,1.6384,False
H100,R2000,pie,2,1000,2000,64,64,64,1.161353,0.00428,0.089331,12.774887,0.0,14.030555,/home/zhong.zheng/pty-chi/modeling_exp/H100/R2000/pie/e2_bs1000.log,13.72,116.81913043478261,71.89,119.95,1578.5490000000002,69,/home/zhong.zheng/pty-chi/modeling_exp/H100/R2000/pie/e2_bs1000_power.csv,8192000,1.161353,0.093611,1.2549640000000002,2,False,819200.0,0.0008192,3.2768,True
H100,R2000,pie,4,1000,2000,64,64,64,1.388022,0.004419,0.106699,25.417834,0.0,26.917566,/home/zhong.zheng/pty-chi/modeling_exp/H100/R2000/pie/e4_bs1000.log,26.32,118.31484848484848,71.9,120.19,3089.9440000000004,132,/home/zhong.zheng/pty-chi/modeling_exp/H100/R2000/pie/e4_bs1000_power.csv,8192000,1.388022,0.11111800000000001,1.4991400000000001,2,False,819200.0,0.0008192,6.5536,True
H100,R2000,pie,6,1000,2000,64,64,64,1.329853,0.004458,0.091502,39.030253,0.0,40.456881,/home/zhong.zheng/pty-chi/modeling_exp/H100/R2000/pie/e6_bs1000.log,39.93,118.90685000000002,71.96,120.24,4724.611650000001,200,/home/zhong.zheng/pty-chi/modeling_exp/H100/R2000/pie/e6_bs1000_power.csv,8192000,1.329853,0.09596,1.425813,2,False,819200.0,0.0008192,9.8304,True
H100,R4000,ad_ptycho,1,1000,4000,64,64,64,1.796161,0.004552,0.088927,0.770871,0.0,2.661013,/home/zhong.zheng/pty-chi/modeling_exp/H100/R4000/ad_ptycho/e1_bs1000.log,2.18,95.01909090909093,73.77,123.89,190.36755,11,/home/zhong.zheng/pty-chi/modeling_exp/H100/R4000/ad_ptycho/e1_bs1000_power.csv,16384000,1.796161,0.093479,1.8896399999999998,4,True,1720320.0,0.00172032,6.88128,False
H100,R4000,ad_ptycho,2,1000,4000,64,64,64,1.808791,0.004436,0.114022,0.853517,0.0,2.781389,/home/zhong.zheng/pty-chi/modeling_exp/H100/R4000/ad_ptycho/e2_bs1000.log,2.23,93.10636363636364,71.95,123.99,189.5583,11,/home/zhong.zheng/pty-chi/modeling_exp/H100/R4000/ad_ptycho/e2_bs1000_power.csv,16384000,1.808791,0.118458,1.9272490000000002,4,False,1720320.0,0.00172032,13.76256,True
H100,R4000,ad_ptycho,4,1000,4000,64,64,64,1.561057,0.004519,0.087258,1.028982,0.0,2.682405,/home/zhong.zheng/pty-chi/modeling_exp/H100/R4000/ad_ptycho/e4_bs1000.log,2.09,98.17454545454547,71.9,129.4,190.08479999999997,11,/home/zhong.zheng/pty-chi/modeling_exp/H100/R4000/ad_ptycho/e4_bs1000_power.csv,16384000,1.561057,0.091777,1.652834,4,False,1720320.0,0.00172032,27.52512,True
H100,R4000,ad_ptycho,6,1000,4000,64,64,64,1.264737,0.00453,0.086464,1.28853,0.0,2.644882,/home/zhong.zheng/pty-chi/modeling_exp/H100/R4000/ad_ptycho/e6_bs1000.log,2.29,101.26416666666665,72.16,135.29,216.91019999999997,12,/home/zhong.zheng/pty-chi/modeling_exp/H100/R4000/ad_ptycho/e6_bs1000_power.csv,16384000,1.264737,0.090994,1.355731,4,False,1720320.0,0.00172032,41.28768,True
H100,R4000,bh,1,1000,4000,64,64,64,1.234453,0.004521,0.122356,0.66703,0.0,2.029147,/home/zhong.zheng/pty-chi/modeling_exp/H100/R4000/bh/e1_bs1000.log,1.68,93.86333333333334,73.01,119.83,143.14464999999998,9,/home/zhong.zheng/pty-chi/modeling_exp/H100/R4000/bh/e1_bs1000_power.csv,16384000,1.234453,0.12687700000000002,1.36133,4,True,1146880.0,0.00114688,4.58752,False
H100,R4000,bh,2,1000,4000,64,64,64,1.229586,0.004575,0.140086,0.779339,0.0,2.154102,/home/zhong.zheng/pty-chi/modeling_exp/H100/R4000/bh/e2_bs1000.log,1.88,95.32399999999998,71.99,125.39,164.41709999999998,10,/home/zhong.zheng/pty-chi/modeling_exp/H100/R4000/bh/e2_bs1000_power.csv,16384000,1.229586,0.14466099999999998,1.374247,4,False,1146880.0,0.00114688,9.17504,True
H100,R4000,bh,4,1000,4000,64,64,64,1.563962,0.004739,0.141773,0.863678,0.0,2.574781,/home/zhong.zheng/pty-chi/modeling_exp/H100/R4000/bh/e4_bs1000.log,2.08,98.82727272727271,71.93,134.92,190.26095,11,/home/zhong.zheng/pty-chi/modeling_exp/H100/R4000/bh/e4_bs1000_power.csv,16384000,1.563962,0.146512,1.710474,4,False,1146880.0,0.00114688,18.35008,True
H100,R4000,bh,6,1000,4000,64,64,64,1.500785,0.004569,0.088292,1.189283,0.0,2.783434,/home/zhong.zheng/pty-chi/modeling_exp/H100/R4000/bh/e6_bs1000.log,2.27,104.16666666666667,73.82,142.76,221.74810000000002,12,/home/zhong.zheng/pty-chi/modeling_exp/H100/R4000/bh/e6_bs1000_power.csv,16384000,1.500785,0.092861,1.5936460000000001,4,False,1146880.0,0.00114688,27.52512,True
H100,R4000,dm,1,1000,4000,64,64,64,1.295557,0.009645,0.088497,0.683619,0.0,2.078455,/home/zhong.zheng/pty-chi/modeling_exp/H100/R4000/dm/e1_bs1000.log,1.68,93.48555555555555,72.86,119.74,142.50304999999997,9,/home/zhong.zheng/pty-chi/modeling_exp/H100/R4000/dm/e1_bs1000_power.csv,16384000,1.295557,0.09814200000000001,1.393699,4,True,1474560.0,0.00147456,5.89824,False
H100,R4000,dm,2,1000,4000,64,64,64,1.9826,0.009788,0.131983,0.857491,0.0,2.982415,/home/zhong.zheng/pty-chi/modeling_exp/H100/R4000/dm/e2_bs1000.log,2.64,93.17166666666668,72.91,123.57,224.663,12,/home/zhong.zheng/pty-chi/modeling_exp/H100/R4000/dm/e2_bs1000_power.csv,16384000,1.9826,0.14177099999999998,2.124371,4,False,1474560.0,0.00147456,11.79648,True
H100,R4000,dm,4,1000,4000,64,64,64,2.274738,0.008994,0.103238,1.026777,0.0,3.414238,/home/zhong.zheng/pty-chi/modeling_exp/H100/R4000/dm/e4_bs1000.log,2.85,92.82714285714287,72.23,129.66,245.48694999999998,14,/home/zhong.zheng/pty-chi/modeling_exp/H100/R4000/dm/e4_bs1000_power.csv,16384000,2.274738,0.112232,2.3869700000000003,4,False,1474560.0,0.00147456,23.59296,True
H100,R4000,dm,6,1000,4000,64,64,64,1.554089,0.009499,0.086446,1.177326,0.0,2.827816,/home/zhong.zheng/pty-chi/modeling_exp/H100/R4000/dm/e6_bs1000.log,2.29,102.2,72.21,141.01,218.1576,12,/home/zhong.zheng/pty-chi/modeling_exp/H100/R4000/dm/e6_bs1000_power.csv,16384000,1.554089,0.095945,1.650034,4,False,1474560.0,0.00147456,35.38944,True
H100,R4000,lsqml,1,1000,4000,64,64,64,1.506351,0.004521,0.089842,0.699072,0.0,2.300382,/home/zhong.zheng/pty-chi/modeling_exp/H100/R4000/lsqml/e1_bs1000.log,1.91,92.411,73.26,120.05,162.12474999999998,10,/home/zhong.zheng/pty-chi/modeling_exp/H100/R4000/lsqml/e1_bs1000_power.csv,16384000,1.506351,0.094363,1.600714,4,True,983040.0,0.00098304,3.93216,False
H100,R4000,lsqml,2,1000,4000,64,64,64,1.641212,0.004697,0.091042,0.774613,0.0,2.512058,/home/zhong.zheng/pty-chi/modeling_exp/H100/R4000/lsqml/e2_bs1000.log,2.2,93.1309090909091,72.17,121.86,187.62940000000003,11,/home/zhong.zheng/pty-chi/modeling_exp/H100/R4000/lsqml/e2_bs1000_power.csv,16384000,1.641212,0.09573899999999999,1.736951,4,False,983040.0,0.00098304,7.86432,True
H100,R4000,lsqml,4,1000,4000,64,64,64,2.014228,0.004804,0.122524,1.049587,0.0,3.191606,/home/zhong.zheng/pty-chi/modeling_exp/H100/R4000/lsqml/e4_bs1000.log,2.37,97.45416666666667,74.43,124.92,214.24620000000002,12,/home/zhong.zheng/pty-chi/modeling_exp/H100/R4000/lsqml/e4_bs1000_power.csv,16384000,2.014228,0.127328,2.141556,4,False,983040.0,0.00098304,15.72864,True
H100,R4000,lsqml,6,1000,4000,64,64,64,2.028434,0.004519,0.139966,1.269517,0.0,3.44303,/home/zhong.zheng/pty-chi/modeling_exp/H100/R4000/lsqml/e6_bs1000.log,2.87,99.24499999999999,73.87,136.89,265.40405,14,/home/zhong.zheng/pty-chi/modeling_exp/H100/R4000/lsqml/e6_bs1000_power.csv,16384000,2.028434,0.144485,2.172919,4,False,983040.0,0.00098304,23.59296,True
H100,R4000,pie,1,1000,4000,64,64,64,1.710492,0.004423,0.113667,13.567077,0.0,15.396481,/home/zhong.zheng/pty-chi/modeling_exp/H100/R4000/pie/e1_bs1000.log,14.93,116.3991891891892,71.91,120.22,1715.0522000000003,74,/home/zhong.zheng/pty-chi/modeling_exp/H100/R4000/pie/e1_bs1000_power.csv,16384000,1.710492,0.11809,1.828582,4,True,819200.0,0.0008192,3.2768,False
H100,R4000,pie,2,1000,4000,64,64,64,1.877632,0.00445,0.119913,25.945408,0.0,27.948004,/home/zhong.zheng/pty-chi/modeling_exp/H100/R4000/pie/e2_bs1000.log,27.49,117.40101449275362,71.92,120.36,3215.803,138,/home/zhong.zheng/pty-chi/modeling_exp/H100/R4000/pie/e2_bs1000_power.csv,16384000,1.877632,0.124363,2.001995,4,False,819200.0,0.0008192,6.5536,True
H100,R4000,pie,4,1000,4000,64,64,64,1.514117,0.004406,0.101362,50.924198,0.0,52.544509,/home/zhong.zheng/pty-chi/modeling_exp/H100/R4000/pie/e4_bs1000.log,51.9,119.12073076923076,72.17,120.68,6170.9539,260,/home/zhong.zheng/pty-chi/modeling_exp/H100/R4000/pie/e4_bs1000_power.csv,16384000,1.514117,0.105768,1.6198849999999998,4,False,819200.0,0.0008192,13.1072,True
H100,R4000,pie,6,1000,4000,64,64,64,1.33684,0.004465,0.118569,77.453497,0.0,78.914462,/home/zhong.zheng/pty-chi/modeling_exp/H100/R4000/pie/e6_bs1000.log,78.51,119.43117346938773,72.19,120.65,9360.44155,392,/home/zhong.zheng/pty-chi/modeling_exp/H100/R4000/pie/e6_bs1000_power.csv,16384000,1.33684,0.12303399999999999,1.459874,4,False,819200.0,0.0008192,19.6608,True
H100,R8000,ad_ptycho,1,1000,8000,64,64,64,2.654612,0.004455,0.128456,0.933741,0.0,3.721843,/home/zhong.zheng/pty-chi/modeling_exp/H100/R8000/ad_ptycho/e1_bs1000.log,3.25,89.34285714285716,72.08,129.61,272.31545000000006,14,/home/zhong.zheng/pty-chi/modeling_exp/H100/R8000/ad_ptycho/e1_bs1000_power.csv,32768000,2.654612,0.13291099999999997,2.787523,8,True,1720320.0,0.00172032,13.76256,False
H100,R8000,ad_ptycho,2,1000,8000,64,64,64,2.662456,0.004487,0.142032,1.04355,0.0,3.853102,/home/zhong.zheng/pty-chi/modeling_exp/H100/R8000/ad_ptycho/e2_bs1000.log,3.29,92.28066666666668,72.07,131.84,279.50655,15,/home/zhong.zheng/pty-chi/modeling_exp/H100/R8000/ad_ptycho/e2_bs1000_power.csv,32768000,2.662456,0.14651899999999998,2.808975,8,False,1720320.0,0.00172032,27.52512,True
H100,R8000,ad_ptycho,4,1000,8000,64,64,64,2.470114,0.004466,0.100825,1.444673,0.0,4.020683,/home/zhong.zheng/pty-chi/modeling_exp/H100/R8000/ad_ptycho/e4_bs1000.log,3.69,97.69117647058823,72.03,143.9,333.58034999999995,17,/home/zhong.zheng/pty-chi/modeling_exp/H100/R8000/ad_ptycho/e4_bs1000_power.csv,32768000,2.470114,0.105291,2.575405,8,False,1720320.0,0.00172032,55.05024,True
H100,R8000,ad_ptycho,6,1000,8000,64,64,64,2.538097,0.004579,0.105647,1.77514,0.0,4.424555,/home/zhong.zheng/pty-chi/modeling_exp/H100/R8000/ad_ptycho/e6_bs1000.log,4.1,104.20789473684209,72.12,159.19,396.6500499999999,19,/home/zhong.zheng/pty-chi/modeling_exp/H100/R8000/ad_ptycho/e6_bs1000_power.csv,32768000,2.538097,0.110226,2.648323,8,False,1720320.0,0.00172032,82.57536,True
H100,R8000,bh,1,1000,8000,64,64,64,2.820119,0.004452,0.136743,0.711077,0.0,3.673267,/home/zhong.zheng/pty-chi/modeling_exp/H100/R8000/bh/e1_bs1000.log,3.06,88.02846153846154,73.68,121.42,246.4554,13,/home/zhong.zheng/pty-chi/modeling_exp/H100/R8000/bh/e1_bs1000_power.csv,32768000,2.820119,0.14119500000000001,2.9613140000000002,8,True,1146880.0,0.00114688,9.17504,False
H100,R8000,bh,2,1000,8000,64,64,64,2.246214,0.00451,0.087114,0.938231,0.0,3.276688,/home/zhong.zheng/pty-chi/modeling_exp/H100/R8000/bh/e2_bs1000.log,3.06,94.21285714285716,72.17,135.92,264.0987,14,/home/zhong.zheng/pty-chi/modeling_exp/H100/R8000/bh/e2_bs1000_power.csv,32768000,2.246214,0.091624,2.337838,8,False,1146880.0,0.00114688,18.35008,True
H100,R8000,bh,4,1000,8000,64,64,64,2.671753,0.004413,0.09927,1.432801,0.0,4.208897,/home/zhong.zheng/pty-chi/modeling_exp/H100/R8000/bh/e4_bs1000.log,3.88,98.88000000000001,72.92,148.93,358.4784,18,/home/zhong.zheng/pty-chi/modeling_exp/H100/R8000/bh/e4_bs1000_power.csv,32768000,2.671753,0.103683,2.775436,8,False,1146880.0,0.00114688,36.70016,True
H100,R8000,bh,6,1000,8000,64,64,64,2.277372,0.004381,0.106963,1.821072,0.0,4.210404,/home/zhong.zheng/pty-chi/modeling_exp/H100/R8000/bh/e6_bs1000.log,3.66,106.85833333333333,72.11,161.34,367.81735000000003,18,/home/zhong.zheng/pty-chi/modeling_exp/H100/R8000/bh/e6_bs1000_power.csv,32768000,2.277372,0.111344,2.388716,8,False,1146880.0,0.00114688,55.05024,True
H100,R8000,dm,1,1000,8000,64,64,64,2.843039,0.015062,0.109727,0.770951,0.0,3.73986,/home/zhong.zheng/pty-chi/modeling_exp/H100/R8000/dm/e1_bs1000.log,3.25,88.31466666666667,72.18,131.18,264.80815,15,/home/zhong.zheng/pty-chi/modeling_exp/H100/R8000/dm/e1_bs1000_power.csv,32768000,2.843039,0.12478900000000001,2.967828,8,True,1474560.0,0.00147456,11.79648,False
H100,R8000,dm,2,1000,8000,64,64,64,2.90168,0.014922,0.108352,0.996832,0.0,4.02238,/home/zhong.zheng/pty-chi/modeling_exp/H100/R8000/dm/e2_bs1000.log,3.51,90.821875,72.12,129.41,294.97794999999996,16,/home/zhong.zheng/pty-chi/modeling_exp/H100/R8000/dm/e2_bs1000_power.csv,32768000,2.90168,0.12327400000000001,3.0249539999999997,8,False,1474560.0,0.00147456,23.59296,True
H100,R8000,dm,4,1000,8000,64,64,64,2.109635,0.015128,0.160885,1.385758,0.0,3.671962,/home/zhong.zheng/pty-chi/modeling_exp/H100/R8000/dm/e4_bs1000.log,3.45,102.74823529411765,72.03,150.71,332.81620000000004,17,/home/zhong.zheng/pty-chi/modeling_exp/H100/R8000/dm/e4_bs1000_power.csv,32768000,2.109635,0.176013,2.2856479999999997,8,False,1474560.0,0.00147456,47.18592,True
H100,R8000,dm,6,1000,8000,64,64,64,1.990902,0.014727,0.122278,1.931141,0.0,4.059792,/home/zhong.zheng/pty-chi/modeling_exp/H100/R8000/dm/e6_bs1000.log,3.82,110.46666666666667,72.03,158.02,392.67749999999995,18,/home/zhong.zheng/pty-chi/modeling_exp/H100/R8000/dm/e6_bs1000_power.csv,32768000,1.990902,0.137005,2.127907,8,False,1474560.0,0.00147456,70.77888,True
H100,R8000,lsqml,1,1000,8000,64,64,64,2.225321,0.004507,0.109437,0.542935,0.0,2.882832,/home/zhong.zheng/pty-chi/modeling_exp/H100/R8000/lsqml/e1_bs1000.log,2.67,88.54076923076924,72.86,122.88,218.59774999999996,13,/home/zhong.zheng/pty-chi/modeling_exp/H100/R8000/lsqml/e1_bs1000_power.csv,32768000,2.225321,0.113944,2.339265,8,True,983040.0,0.00098304,7.86432,False
H100,R8000,lsqml,2,1000,8000,64,64,64,1.727367,0.004256,0.08711,0.985835,0.0,2.805291,/home/zhong.zheng/pty-chi/modeling_exp/H100/R8000/lsqml/e2_bs1000.log,2.47,96.29666666666667,72.02,125.77,218.52900000000002,12,/home/zhong.zheng/pty-chi/modeling_exp/H100/R8000/lsqml/e2_bs1000_power.csv,32768000,1.727367,0.091366,1.8187330000000002,8,False,983040.0,0.00098304,15.72864,True
H100,R8000,lsqml,4,1000,8000,64,64,64,2.695093,0.004655,0.112741,1.467834,0.0,4.281005,/home/zhong.zheng/pty-chi/modeling_exp/H100/R8000/lsqml/e4_bs1000.log,3.92,96.66058823529411,72.15,138.38,347.28475,17,/home/zhong.zheng/pty-chi/modeling_exp/H100/R8000/lsqml/e4_bs1000_power.csv,32768000,2.695093,0.117396,2.8124890000000002,8,False,983040.0,0.00098304,31.45728,True
H100,R8000,lsqml,6,1000,8000,64,64,64,1.657393,0.004472,0.093361,1.916247,0.0,3.672099,/home/zhong.zheng/pty-chi/modeling_exp/H100/R8000/lsqml/e6_bs1000.log,3.27,107.1770588235294,72.23,158.74,334.132,17,/home/zhong.zheng/pty-chi/modeling_exp/H100/R8000/lsqml/e6_bs1000_power.csv,32768000,1.657393,0.097833,1.755226,8,False,983040.0,0.00098304,47.18592,True
H100,R8000,pie,1,1000,8000,64,64,64,2.240611,0.004465,0.100459,25.365237,0.0,27.711602,/home/zhong.zheng/pty-chi/modeling_exp/H100/R8000/pie/e1_bs1000.log,27.46,116.95416058394161,72.12,121.82,3192.30995,137,/home/zhong.zheng/pty-chi/modeling_exp/H100/R8000/pie/e1_bs1000_power.csv,32768000,2.240611,0.104924,2.345535,8,True,819200.0,0.0008192,6.5536,False
H100,R8000,pie,2,1000,8000,64,64,64,2.204986,0.004346,0.131493,50.82019,0.0,53.161682,/home/zhong.zheng/pty-chi/modeling_exp/H100/R8000/pie/e2_bs1000.log,52.87,118.53992424242425,71.9,121.78,6247.83735,264,/home/zhong.zheng/pty-chi/modeling_exp/H100/R8000/pie/e2_bs1000_power.csv,32768000,2.204986,0.135839,2.3408249999999997,8,False,819200.0,0.0008192,13.1072,True
H100,R8000,pie,4,1000,8000,64,64,64,2.354927,0.004554,0.117016,103.654164,0.0,106.131419,/home/zhong.zheng/pty-chi/modeling_exp/H100/R8000/pie/e4_bs1000.log,105.83,119.33058601134216,72.74,121.86,12612.213749999999,529,/home/zhong.zheng/pty-chi/modeling_exp/H100/R8000/pie/e4_bs1000_power.csv,32768000,2.354927,0.12157,2.476497,8,False,819200.0,0.0008192,26.2144,True
H100,R8000,pie,6,1000,8000,64,64,64,2.885452,0.004442,0.155031,154.429637,0.0,157.475488,/home/zhong.zheng/pty-chi/modeling_exp/H100/R8000/pie/e6_bs1000.log,156.98,119.67676883780332,72.11,121.72,18754.11665,783,/home/zhong.zheng/pty-chi/modeling_exp/H100/R8000/pie/e6_bs1000_power.csv,32768000,2.885452,0.159473,3.044925,8,False,819200.0,0.0008192,39.3216,True
H200,R1000,ad_ptycho,1,1000,1000,64,64,64,0.226872,0.003264,0.079809,0.230383,0.0,0.540968,/home/zhong.zheng/pty-chi/modeling_exp/H200/R1000/ad_ptycho/e1_bs1000.log,0.42,92.235,84.17,105.92,37.94,4,/home/zhong.zheng/pty-chi/modeling_exp/H200/R1000/ad_ptycho/e1_bs1000_power.csv,4096000,0.226872,0.08307300000000001,0.30994499999999997,1,True,1720320.0,0.00172032,1.72032,False
H200,R1000,ad_ptycho,2,1000,1000,64,64,64,0.238162,0.003257,0.074636,0.270882,0.0,0.587392,/home/zhong.zheng/pty-chi/modeling_exp/H200/R1000/ad_ptycho/e2_bs1000.log,0.44,91.96499999999999,84.0,105.27,37.840999999999994,4,/home/zhong.zheng/pty-chi/modeling_exp/H200/R1000/ad_ptycho/e2_bs1000_power.csv,4096000,0.238162,0.07789299999999999,0.31605500000000003,1,False,1720320.0,0.00172032,3.44064,True
H200,R1000,ad_ptycho,4,1000,1000,64,64,64,0.22296,0.003252,0.067712,0.34642,0.0,0.640825,/home/zhong.zheng/pty-chi/modeling_exp/H200/R1000/ad_ptycho/e4_bs1000.log,0.43,92.42249999999999,84.52,105.65,38.012,4,/home/zhong.zheng/pty-chi/modeling_exp/H200/R1000/ad_ptycho/e4_bs1000_power.csv,4096000,0.22296,0.070964,0.29392399999999996,1,False,1720320.0,0.00172032,6.88128,True
H200,R1000,ad_ptycho,6,1000,1000,64,64,64,0.222204,0.003261,0.073113,0.427608,0.0,0.726659,/home/zhong.zheng/pty-chi/modeling_exp/H200/R1000/ad_ptycho/e6_bs1000.log,0.62,98.11800000000001,84.44,120.29,60.751000000000005,5,/home/zhong.zheng/pty-chi/modeling_exp/H200/R1000/ad_ptycho/e6_bs1000_power.csv,4096000,0.222204,0.076374,0.298578,1,False,1720320.0,0.00172032,10.32192,True
H200,R1000,bh,1,1000,1000,64,64,64,0.226201,0.003196,0.068583,0.231944,0.0,0.530402,/home/zhong.zheng/pty-chi/modeling_exp/H200/R1000/bh/e1_bs1000.log,0.43,92.26249999999999,84.21,105.84,37.959,4,/home/zhong.zheng/pty-chi/modeling_exp/H200/R1000/bh/e1_bs1000_power.csv,4096000,0.226201,0.07177900000000001,0.29798,1,True,1146880.0,0.00114688,1.14688,False
H200,R1000,bh,2,1000,1000,64,64,64,0.224872,0.002842,0.076727,0.269289,0.0,0.5743,/home/zhong.zheng/pty-chi/modeling_exp/H200/R1000/bh/e2_bs1000.log,0.43,92.075,84.18,105.5,37.856,4,/home/zhong.zheng/pty-chi/modeling_exp/H200/R1000/bh/e2_bs1000_power.csv,4096000,0.224872,0.079569,0.304441,1,False,1146880.0,0.00114688,2.29376,True
H200,R1000,bh,4,1000,1000,64,64,64,0.21842,0.003241,0.078237,0.350539,0.0,0.650889,/home/zhong.zheng/pty-chi/modeling_exp/H200/R1000/bh/e4_bs1000.log,0.42,92.15749999999998,84.29,105.21,37.912,4,/home/zhong.zheng/pty-chi/modeling_exp/H200/R1000/bh/e4_bs1000_power.csv,4096000,0.21842,0.081478,0.299898,1,False,1146880.0,0.00114688,4.58752,True
H200,R1000,bh,6,1000,1000,64,64,64,0.222435,0.003223,0.111163,0.428972,0.0,0.76641,/home/zhong.zheng/pty-chi/modeling_exp/H200/R1000/bh/e6_bs1000.log,0.62,97.77200000000002,84.75,119.05,60.424,5,/home/zhong.zheng/pty-chi/modeling_exp/H200/R1000/bh/e6_bs1000_power.csv,4096000,0.222435,0.114386,0.336821,1,False,1146880.0,0.00114688,6.88128,True
H200,R1000,dm,1,1000,1000,64,64,64,0.22127,0.004175,0.081828,0.213649,0.0,0.521652,/home/zhong.zheng/pty-chi/modeling_exp/H200/R1000/dm/e1_bs1000.log,0.43,92.03,84.16,105.43,37.829,4,/home/zhong.zheng/pty-chi/modeling_exp/H200/R1000/dm/e1_bs1000_power.csv,4096000,0.22127,0.086003,0.307273,1,True,1474560.0,0.00147456,1.47456,False
H200,R1000,dm,2,1000,1000,64,64,64,0.225153,0.004142,0.07466,0.25138,0.0,0.55582,/home/zhong.zheng/pty-chi/modeling_exp/H200/R1000/dm/e2_bs1000.log,0.43,92.75250000000001,84.43,106.92,39.183350000000004,4,/home/zhong.zheng/pty-chi/modeling_exp/H200/R1000/dm/e2_bs1000_power.csv,4096000,0.225153,0.07880200000000001,0.303955,1,False,1474560.0,0.00147456,2.94912,True
H200,R1000,dm,4,1000,1000,64,64,64,0.22192,0.004181,0.075483,0.334502,0.0,0.636587,/home/zhong.zheng/pty-chi/modeling_exp/H200/R1000/dm/e4_bs1000.log,0.42,92.42499999999998,83.8,106.53,38.093,4,/home/zhong.zheng/pty-chi/modeling_exp/H200/R1000/dm/e4_bs1000_power.csv,4096000,0.22192,0.079664,0.30158399999999996,1,False,1474560.0,0.00147456,5.89824,True
H200,R1000,dm,6,1000,1000,64,64,64,0.219852,0.004124,0.065063,0.402584,0.0,0.692122,/home/zhong.zheng/pty-chi/modeling_exp/H200/R1000/dm/e6_bs1000.log,0.62,98.44800000000001,83.96,121.31,61.077000000000005,5,/home/zhong.zheng/pty-chi/modeling_exp/H200/R1000/dm/e6_bs1000_power.csv,4096000,0.219852,0.069187,0.289039,1,False,1474560.0,0.00147456,8.84736,True
H200,R1000,lsqml,1,1000,1000,64,64,64,0.219771,0.003266,0.078002,0.197322,0.0,0.498895,/home/zhong.zheng/pty-chi/modeling_exp/H200/R1000/lsqml/e1_bs1000.log,0.42,92.0425,83.84,105.71,37.906,4,/home/zhong.zheng/pty-chi/modeling_exp/H200/R1000/lsqml/e1_bs1000_power.csv,4096000,0.219771,0.081268,0.301039,1,True,983040.0,0.00098304,0.98304,False
H200,R1000,lsqml,2,1000,1000,64,64,64,0.231696,0.003306,0.071418,0.28485,0.0,0.592529,/home/zhong.zheng/pty-chi/modeling_exp/H200/R1000/lsqml/e2_bs1000.log,0.43,92.16,84.08,105.72,37.932,4,/home/zhong.zheng/pty-chi/modeling_exp/H200/R1000/lsqml/e2_bs1000_power.csv,4096000,0.231696,0.074724,0.30642,1,False,983040.0,0.00098304,1.96608,True
H200,R1000,lsqml,4,1000,1000,64,64,64,0.220494,0.00327,0.075752,0.371655,0.0,0.671717,/home/zhong.zheng/pty-chi/modeling_exp/H200/R1000/lsqml/e4_bs1000.log,0.42,92.84,84.51,106.48,38.24,4,/home/zhong.zheng/pty-chi/modeling_exp/H200/R1000/lsqml/e4_bs1000_power.csv,4096000,0.220494,0.079022,0.299516,1,False,983040.0,0.00098304,3.93216,True
H200,R1000,lsqml,6,1000,1000,64,64,64,0.21971,0.003348,0.087936,0.453352,0.0,0.764845,/home/zhong.zheng/pty-chi/modeling_exp/H200/R1000/lsqml/e6_bs1000.log,0.62,97.94800000000001,84.07,118.81,60.772000000000006,5,/home/zhong.zheng/pty-chi/modeling_exp/H200/R1000/lsqml/e6_bs1000_power.csv,4096000,0.21971,0.091284,0.310994,1,False,983040.0,0.00098304,5.89824,True
H200,R1000,pie,1,1000,1000,64,64,64,0.218835,0.003303,0.075773,5.429612,0.0,5.728229,/home/zhong.zheng/pty-chi/modeling_exp/H200/R1000/pie/e1_bs1000.log,5.63,128.921,83.35,136.32,736.2497999999999,30,/home/zhong.zheng/pty-chi/modeling_exp/H200/R1000/pie/e1_bs1000_power.csv,4096000,0.218835,0.079076,0.297911,1,True,819200.0,0.0008192,0.8192,False
H200,R1000,pie,2,1000,1000,64,64,64,0.219441,0.002833,0.070558,10.055072,0.0,10.348424,/home/zhong.zheng/pty-chi/modeling_exp/H200/R1000/pie/e2_bs1000.log,10.23,132.20792452830187,83.6,136.57,1364.0399,53,/home/zhong.zheng/pty-chi/modeling_exp/H200/R1000/pie/e2_bs1000_power.csv,4096000,0.219441,0.073391,0.292832,1,False,819200.0,0.0008192,1.6384,True
H200,R1000,pie,4,1000,1000,64,64,64,0.222713,0.003218,0.081831,20.792361,0.0,21.100651,/home/zhong.zheng/pty-chi/modeling_exp/H200/R1000/pie/e4_bs1000.log,20.85,134.3809433962264,83.82,136.76,2812.8154,106,/home/zhong.zheng/pty-chi/modeling_exp/H200/R1000/pie/e4_bs1000_power.csv,4096000,0.222713,0.085049,0.307762,1,False,819200.0,0.0008192,3.2768,True
H200,R1000,pie,6,1000,1000,64,64,64,0.219956,0.00327,0.071276,31.762378,0.0,32.05747,/home/zhong.zheng/pty-chi/modeling_exp/H200/R1000/pie/e6_bs1000.log,31.85,135.3192546583851,83.53,137.08,4322.617200000001,161,/home/zhong.zheng/pty-chi/modeling_exp/H200/R1000/pie/e6_bs1000_power.csv,4096000,0.219956,0.074546,0.29450200000000004,1,False,819200.0,0.0008192,4.9152,True
H200,R12000,ad_ptycho,1,1000,12000,64,64,64,0.667307,0.003159,0.052877,0.78442,0.0,1.508309,/home/zhong.zheng/pty-chi/modeling_exp/H200/R12000/ad_ptycho/e1_bs1000.log,1.42,103.48333333333333,84.19,148.85,146.036,9,/home/zhong.zheng/pty-chi/modeling_exp/H200/R12000/ad_ptycho/e1_bs1000_power.csv,49152000,0.667307,0.056036,0.723343,12,True,1720320.0,0.00172032,20.64384,False
H200,R12000,ad_ptycho,2,1000,12000,64,64,64,0.671599,0.002742,0.076702,1.188537,0.0,1.940141,/home/zhong.zheng/pty-chi/modeling_exp/H200/R12000/ad_ptycho/e2_bs1000.log,1.82,113.07727272727271,84.01,162.34,207.29000000000002,11,/home/zhong.zheng/pty-chi/modeling_exp/H200/R12000/ad_ptycho/e2_bs1000_power.csv,49152000,0.671599,0.079444,0.751043,12,False,1720320.0,0.00172032,41.28768,True
H200,R12000,ad_ptycho,4,1000,12000,64,64,64,0.663944,0.003222,0.079016,2.137438,0.0,2.884135,/home/zhong.zheng/pty-chi/modeling_exp/H200/R12000/ad_ptycho/e4_bs1000.log,2.82,129.784375,84.25,167.97,373.207,16,/home/zhong.zheng/pty-chi/modeling_exp/H200/R12000/ad_ptycho/e4_bs1000_power.csv,49152000,0.663944,0.082238,0.7461819999999999,12,False,1720320.0,0.00172032,82.57536,True
H200,R12000,ad_ptycho,6,1000,12000,64,64,64,0.669971,0.003179,0.081147,2.857689,0.0,3.612498,/home/zhong.zheng/pty-chi/modeling_exp/H200/R12000/ad_ptycho/e6_bs1000.log,3.42,136.52157894736843,84.05,172.23,476.93300000000005,19,/home/zhong.zheng/pty-chi/modeling_exp/H200/R12000/ad_ptycho/e6_bs1000_power.csv,49152000,0.669971,0.084326,0.754297,12,False,1720320.0,0.00172032,123.86304,True
H200,R12000,bh,1,1000,12000,64,64,64,0.670921,0.003014,0.079092,0.802387,0.0,1.555896,/home/zhong.zheng/pty-chi/modeling_exp/H200/R12000/bh/e1_bs1000.log,1.42,102.56,84.09,146.07,144.767,9,/home/zhong.zheng/pty-chi/modeling_exp/H200/R12000/bh/e1_bs1000_power.csv,49152000,0.670921,0.082106,0.7530269999999999,12,True,1146880.0,0.00114688,13.76256,False
H200,R12000,bh,2,1000,12000,64,64,64,0.682668,0.00307,0.086871,1.1737,0.0,1.947136,/home/zhong.zheng/pty-chi/modeling_exp/H200/R12000/bh/e2_bs1000.log,1.82,112.74545454545455,84.28,163.7,206.382,11,/home/zhong.zheng/pty-chi/modeling_exp/H200/R12000/bh/e2_bs1000_power.csv,49152000,0.682668,0.08994100000000001,0.7726090000000001,12,False,1146880.0,0.00114688,27.52512,True
H200,R12000,bh,4,1000,12000,64,64,64,0.667376,0.003117,0.094375,2.197438,0.0,2.962937,/home/zhong.zheng/pty-chi/modeling_exp/H200/R12000/bh/e4_bs1000.log,2.82,129.926875,84.34,169.82,373.4529999999999,16,/home/zhong.zheng/pty-chi/modeling_exp/H200/R12000/bh/e4_bs1000_power.csv,49152000,0.667376,0.097492,0.764868,12,False,1146880.0,0.00114688,55.05024,True
H200,R12000,bh,6,1000,12000,64,64,64,0.666343,0.003061,0.080761,3.06505,0.0,3.815779,/home/zhong.zheng/pty-chi/modeling_exp/H200/R12000/bh/e6_bs1000.log,3.62,138.5695,84.12,171.3,512.024,20,/home/zhong.zheng/pty-chi/modeling_exp/H200/R12000/bh/e6_bs1000_power.csv,49152000,0.666343,0.083822,0.750165,12,False,1146880.0,0.00114688,82.57536,True
H200,R12000,dm,1,1000,12000,64,64,64,0.667991,0.013795,0.088073,0.740147,0.0,1.511003,/home/zhong.zheng/pty-chi/modeling_exp/H200/R12000/dm/e1_bs1000.log,1.42,103.27000000000001,84.34,150.49,145.522,9,/home/zhong.zheng/pty-chi/modeling_exp/H200/R12000/dm/e1_bs1000_power.csv,49152000,0.667991,0.101868,0.769859,12,True,1474560.0,0.00147456,17.69472,False
H200,R12000,dm,2,1000,12000,64,64,64,0.6823,0.013748,0.104373,1.305263,0.0,2.106308,/home/zhong.zheng/pty-chi/modeling_exp/H200/R12000/dm/e2_bs1000.log,2.02,116.05916666666667,84.27,159.99,237.244,12,/home/zhong.zheng/pty-chi/modeling_exp/H200/R12000/dm/e2_bs1000_power.csv,49152000,0.6823,0.11812099999999999,0.800421,12,False,1474560.0,0.00147456,35.38944,True
H200,R12000,dm,4,1000,12000,64,64,64,0.671675,0.013857,0.080195,2.192515,0.0,2.958892,/home/zhong.zheng/pty-chi/modeling_exp/H200/R12000/dm/e4_bs1000.log,2.82,127.75625000000001,84.08,164.95,367.162,16,/home/zhong.zheng/pty-chi/modeling_exp/H200/R12000/dm/e4_bs1000_power.csv,49152000,0.671675,0.094052,0.765727,12,False,1474560.0,0.00147456,70.77888,True
H200,R12000,dm,6,1000,12000,64,64,64,0.671397,0.013746,0.074125,3.150082,0.0,3.909975,/home/zhong.zheng/pty-chi/modeling_exp/H200/R12000/dm/e6_bs1000.log,3.82,137.4495238095238,84.45,169.41,535.745,21,/home/zhong.zheng/pty-chi/modeling_exp/H200/R12000/dm/e6_bs1000_power.csv,49152000,0.671397,0.08787099999999999,0.759268,12,False,1474560.0,0.00147456,106.16832,True
H200,R12000,lsqml,1,1000,12000,64,64,64,0.662972,0.003178,0.09386,0.665199,0.0,1.425785,/home/zhong.zheng/pty-chi/modeling_exp/H200/R12000/lsqml/e1_bs1000.log,1.22,97.2475,84.17,129.42,117.38999999999999,8,/home/zhong.zheng/pty-chi/modeling_exp/H200/R12000/lsqml/e1_bs1000_power.csv,49152000,0.662972,0.097038,0.7600100000000001,12,True,983040.0,0.00098304,11.79648,False
H200,R12000,lsqml,2,1000,12000,64,64,64,0.670123,0.003168,0.054298,1.250324,0.0,1.978399,/home/zhong.zheng/pty-chi/modeling_exp/H200/R12000/lsqml/e2_bs1000.log,1.82,110.73363636363636,84.16,151.76,203.18,11,/home/zhong.zheng/pty-chi/modeling_exp/H200/R12000/lsqml/e2_bs1000_power.csv,49152000,0.670123,0.057465999999999996,0.7275889999999999,12,False,983040.0,0.00098304,23.59296,True
H200,R12000,lsqml,4,1000,12000,64,64,64,0.666341,0.003219,0.087205,2.266711,0.0,3.024067,/home/zhong.zheng/pty-chi/modeling_exp/H200/R12000/lsqml/e4_bs1000.log,2.82,125.70750000000001,84.19,162.58,360.749,16,/home/zhong.zheng/pty-chi/modeling_exp/H200/R12000/lsqml/e4_bs1000_power.csv,49152000,0.666341,0.090424,0.7567649999999999,12,False,983040.0,0.00098304,47.18592,True
H200,R12000,lsqml,6,1000,12000,64,64,64,0.66652,0.003148,0.08831,3.265433,0.0,4.023955,/home/zhong.zheng/pty-chi/modeling_exp/H200/R12000/lsqml/e6_bs1000.log,3.82,134.69666666666666,84.1,163.34,524.15,21,/home/zhong.zheng/pty-chi/modeling_exp/H200/R12000/lsqml/e6_bs1000_power.csv,49152000,0.66652,0.091458,0.757978,12,False,983040.0,0.00098304,70.77888,True
H200,R12000,pie,1,1000,12000,64,64,64,0.661645,0.002712,0.08676,60.698847,0.0,61.450571,/home/zhong.zheng/pty-chi/modeling_exp/H200/R12000/pie/e1_bs1000.log,61.28,136.87668831168833,84.19,141.19,8400.809949999999,308,/home/zhong.zheng/pty-chi/modeling_exp/H200/R12000/pie/e1_bs1000_power.csv,49152000,0.661645,0.08947200000000001,0.751117,12,True,819200.0,0.0008192,9.8304,False
H200,R12000,pie,2,1000,12000,64,64,64,0.67035,0.003139,0.081952,127.474324,0.0,128.230605,/home/zhong.zheng/pty-chi/modeling_exp/H200/R12000/pie/e2_bs1000.log,128.14,137.53286604361372,84.02,141.25,17636.7587,642,/home/zhong.zheng/pty-chi/modeling_exp/H200/R12000/pie/e2_bs1000_power.csv,49152000,0.67035,0.085091,0.755441,12,False,819200.0,0.0008192,19.6608,True
H200,R12000,pie,4,1000,12000,64,64,64,0.669158,0.003121,0.07873,259.213827,0.0,259.965719,/home/zhong.zheng/pty-chi/modeling_exp/H200/R12000/pie/e4_bs1000.log,259.86,137.77566923076924,84.06,141.67,35815.709350000005,1300,/home/zhong.zheng/pty-chi/modeling_exp/H200/R12000/pie/e4_bs1000_power.csv,49152000,0.669158,0.081851,0.751009,12,False,819200.0,0.0008192,39.3216,True
H200,R12000,pie,6,1000,12000,64,64,64,0.675412,0.003072,0.05382,397.608408,0.0,398.341571,/home/zhong.zheng/pty-chi/modeling_exp/H200/R12000/pie/e6_bs1000.log,398.19,137.75741838272225,84.04,141.67,54866.9998,1991,/home/zhong.zheng/pty-chi/modeling_exp/H200/R12000/pie/e6_bs1000_power.csv,49152000,0.675412,0.056892,0.732304,12,False,819200.0,0.0008192,58.9824,True
H200,R2000,ad_ptycho,1,1000,2000,64,64,64,0.265137,0.003317,0.078714,0.279017,0.0,0.626963,/home/zhong.zheng/pty-chi/modeling_exp/H200/R2000/ad_ptycho/e1_bs1000.log,0.42,91.1075,84.23,103.43,37.269999999999996,4,/home/zhong.zheng/pty-chi/modeling_exp/H200/R2000/ad_ptycho/e1_bs1000_power.csv,8192000,0.265137,0.082031,0.34716800000000003,2,True,1720320.0,0.00172032,3.44064,False
H200,R2000,ad_ptycho,2,1000,2000,64,64,64,0.255722,0.003311,0.079734,0.359768,0.0,0.699013,/home/zhong.zheng/pty-chi/modeling_exp/H200/R2000/ad_ptycho/e2_bs1000.log,0.62,96.86800000000001,84.43,117.72,59.763000000000005,5,/home/zhong.zheng/pty-chi/modeling_exp/H200/R2000/ad_ptycho/e2_bs1000_power.csv,8192000,0.255722,0.083045,0.33876700000000004,2,False,1720320.0,0.00172032,6.88128,True
H200,R2000,ad_ptycho,4,1000,2000,64,64,64,0.255758,0.003269,0.068006,0.507898,0.0,0.835483,/home/zhong.zheng/pty-chi/modeling_exp/H200/R2000/ad_ptycho/e4_bs1000.log,0.62,96.36800000000001,84.07,117.15,59.425999999999995,5,/home/zhong.zheng/pty-chi/modeling_exp/H200/R2000/ad_ptycho/e4_bs1000_power.csv,8192000,0.255758,0.07127499999999999,0.327033,2,False,1720320.0,0.00172032,13.76256,True
H200,R2000,ad_ptycho,6,1000,2000,64,64,64,0.255779,0.003186,0.083437,0.657867,0.0,1.000772,/home/zhong.zheng/pty-chi/modeling_exp/H200/R2000/ad_ptycho/e6_bs1000.log,0.82,103.085,84.31,133.13,85.083,6,/home/zhong.zheng/pty-chi/modeling_exp/H200/R2000/ad_ptycho/e6_bs1000_power.csv,8192000,0.255779,0.08662299999999999,0.342402,2,False,1720320.0,0.00172032,20.64384,True
H200,R2000,bh,1,1000,2000,64,64,64,0.274239,0.003163,0.048301,0.281577,0.0,0.607781,/home/zhong.zheng/pty-chi/modeling_exp/H200/R2000/bh/e1_bs1000.log,0.42,91.1925,84.45,103.2,37.288,4,/home/zhong.zheng/pty-chi/modeling_exp/H200/R2000/bh/e1_bs1000_power.csv,8192000,0.274239,0.051463999999999996,0.325703,2,True,1146880.0,0.00114688,2.29376,False
H200,R2000,bh,2,1000,2000,64,64,64,0.262437,0.0032,0.079068,0.362156,0.0,0.707353,/home/zhong.zheng/pty-chi/modeling_exp/H200/R2000/bh/e2_bs1000.log,0.62,96.36600000000001,84.29,116.41,59.43599999999999,5,/home/zhong.zheng/pty-chi/modeling_exp/H200/R2000/bh/e2_bs1000_power.csv,8192000,0.262437,0.082268,0.34470499999999993,2,False,1146880.0,0.00114688,4.58752,True
H200,R2000,bh,4,1000,2000,64,64,64,0.254467,0.003273,0.080585,0.517371,0.0,0.856217,/home/zhong.zheng/pty-chi/modeling_exp/H200/R2000/bh/e4_bs1000.log,0.62,96.648,84.39,116.82,59.644999999999996,5,/home/zhong.zheng/pty-chi/modeling_exp/H200/R2000/bh/e4_bs1000_power.csv,8192000,0.254467,0.083858,0.33832500000000004,2,False,1146880.0,0.00114688,9.17504,True
H200,R2000,bh,6,1000,2000,64,64,64,0.254604,0.003189,0.079261,0.646418,0.0,0.984092,/home/zhong.zheng/pty-chi/modeling_exp/H200/R2000/bh/e6_bs1000.log,0.82,103.94833333333334,84.74,136.13,85.703,6,/home/zhong.zheng/pty-chi/modeling_exp/H200/R2000/bh/e6_bs1000_power.csv,8192000,0.254604,0.08245,0.33705399999999996,2,False,1146880.0,0.00114688,13.76256,True
H200,R2000,dm,1,1000,2000,64,64,64,0.260128,0.004634,0.069709,0.25732,0.0,0.592514,/home/zhong.zheng/pty-chi/modeling_exp/H200/R2000/dm/e1_bs1000.log,0.42,91.4475,84.44,103.81,37.441,4,/home/zhong.zheng/pty-chi/modeling_exp/H200/R2000/dm/e1_bs1000_power.csv,8192000,0.260128,0.07434299999999999,0.3344710000000001,2,True,1474560.0,0.00147456,2.94912,False
H200,R2000,dm,2,1000,2000,64,64,64,0.261548,0.005144,0.084009,0.342617,0.0,0.693806,/home/zhong.zheng/pty-chi/modeling_exp/H200/R2000/dm/e2_bs1000.log,0.62,96.44399999999999,84.44,116.46,59.458,5,/home/zhong.zheng/pty-chi/modeling_exp/H200/R2000/dm/e2_bs1000_power.csv,8192000,0.261548,0.089153,0.350701,2,False,1474560.0,0.00147456,5.89824,True
H200,R2000,dm,4,1000,2000,64,64,64,0.255915,0.005079,0.075913,0.48082,0.0,0.818245,/home/zhong.zheng/pty-chi/modeling_exp/H200/R2000/dm/e4_bs1000.log,0.62,97.046,84.46,118.22,59.881,5,/home/zhong.zheng/pty-chi/modeling_exp/H200/R2000/dm/e4_bs1000_power.csv,8192000,0.255915,0.080992,0.336907,2,False,1474560.0,0.00147456,11.79648,True
H200,R2000,dm,6,1000,2000,64,64,64,0.253885,0.005092,0.07985,0.61819,0.0,0.957534,/home/zhong.zheng/pty-chi/modeling_exp/H200/R2000/dm/e6_bs1000.log,0.82,102.02999999999999,83.93,132.63,83.99,6,/home/zhong.zheng/pty-chi/modeling_exp/H200/R2000/dm/e6_bs1000_power.csv,8192000,0.253885,0.084942,0.338827,2,False,1474560.0,0.00147456,17.69472,True
H200,R2000,lsqml,1,1000,2000,64,64,64,0.259053,0.003356,0.05051,0.248764,0.0,0.562167,/home/zhong.zheng/pty-chi/modeling_exp/H200/R2000/lsqml/e1_bs1000.log,0.42,91.1275,84.35,103.34,37.260999999999996,4,/home/zhong.zheng/pty-chi/modeling_exp/H200/R2000/lsqml/e1_bs1000_power.csv,8192000,0.259053,0.053866,0.312919,2,True,983040.0,0.00098304,1.96608,False
H200,R2000,lsqml,2,1000,2000,64,64,64,0.254487,0.003315,0.081932,0.357945,0.0,0.698159,/home/zhong.zheng/pty-chi/modeling_exp/H200/R2000/lsqml/e2_bs1000.log,0.62,95.946,84.32,115.29,59.105000000000004,5,/home/zhong.zheng/pty-chi/modeling_exp/H200/R2000/lsqml/e2_bs1000_power.csv,8192000,0.254487,0.085247,0.33973400000000004,2,False,983040.0,0.00098304,3.93216,True
H200,R2000,lsqml,4,1000,2000,64,64,64,0.256525,0.003286,0.084733,0.529475,0.0,0.874507,/home/zhong.zheng/pty-chi/modeling_exp/H200/R2000/lsqml/e4_bs1000.log,0.82,101.80833333333332,84.23,129.78,83.923,6,/home/zhong.zheng/pty-chi/modeling_exp/H200/R2000/lsqml/e4_bs1000_power.csv,8192000,0.256525,0.088019,0.344544,2,False,983040.0,0.00098304,7.86432,True
H200,R2000,lsqml,6,1000,2000,64,64,64,0.259521,0.002985,0.08776,0.730515,0.0,1.081348,/home/zhong.zheng/pty-chi/modeling_exp/H200/R2000/lsqml/e6_bs1000.log,1.02,108.11,84.25,146.79,111.39800000000001,7,/home/zhong.zheng/pty-chi/modeling_exp/H200/R2000/lsqml/e6_bs1000_power.csv,8192000,0.259521,0.090745,0.350266,2,False,983040.0,0.00098304,11.79648,True
H200,R2000,pie,1,1000,2000,64,64,64,0.268793,0.003195,0.090754,10.743143,0.0,11.1065,/home/zhong.zheng/pty-chi/modeling_exp/H200/R2000/pie/e1_bs1000.log,11.03,132.99526315789473,84.01,137.63,1478.61955,57,/home/zhong.zheng/pty-chi/modeling_exp/H200/R2000/pie/e1_bs1000_power.csv,8192000,0.268793,0.093949,0.362742,2,True,819200.0,0.0008192,1.6384,False
H200,R2000,pie,2,1000,2000,64,64,64,0.253493,0.003252,0.079894,21.815151,0.0,22.152409,/home/zhong.zheng/pty-chi/modeling_exp/H200/R2000/pie/e2_bs1000.log,22.04,135.13339285714287,84.16,137.56,2990.7591500000003,112,/home/zhong.zheng/pty-chi/modeling_exp/H200/R2000/pie/e2_bs1000_power.csv,8192000,0.253493,0.08314600000000001,0.336639,2,False,819200.0,0.0008192,3.2768,True
H200,R2000,pie,4,1000,2000,64,64,64,0.25942,0.003286,0.077002,42.21241,0.0,42.552681,/home/zhong.zheng/pty-chi/modeling_exp/H200/R2000/pie/e4_bs1000.log,42.46,136.2827570093458,84.08,137.84,5799.4019,214,/home/zhong.zheng/pty-chi/modeling_exp/H200/R2000/pie/e4_bs1000_power.csv,8192000,0.25942,0.080288,0.339708,2,False,819200.0,0.0008192,6.5536,True
H200,R2000,pie,6,1000,2000,64,64,64,0.254208,0.002866,0.075574,64.333105,0.0,64.666604,/home/zhong.zheng/pty-chi/modeling_exp/H200/R2000/pie/e6_bs1000.log,64.48,136.7921913580247,84.42,138.19,8833.3061,324,/home/zhong.zheng/pty-chi/modeling_exp/H200/R2000/pie/e6_bs1000_power.csv,8192000,0.254208,0.07844,0.33264799999999994,2,False,819200.0,0.0008192,9.8304,True
H200,R4000,ad_ptycho,1,1000,4000,64,64,64,0.359606,0.003255,0.095864,0.376593,0.0,0.83584,/home/zhong.zheng/pty-chi/modeling_exp/H200/R4000/ad_ptycho/e1_bs1000.log,0.62,93.258,84.46,110.35,56.88499999999999,5,/home/zhong.zheng/pty-chi/modeling_exp/H200/R4000/ad_ptycho/e1_bs1000_power.csv,16384000,0.359606,0.099119,0.458725,4,True,1720320.0,0.00172032,6.88128,False
H200,R4000,ad_ptycho,2,1000,4000,64,64,64,0.345291,0.00327,0.077265,0.512394,0.0,0.938761,/home/zhong.zheng/pty-chi/modeling_exp/H200/R4000/ad_ptycho/e2_bs1000.log,0.82,98.51833333333333,84.35,124.78,80.43699999999998,6,/home/zhong.zheng/pty-chi/modeling_exp/H200/R4000/ad_ptycho/e2_bs1000_power.csv,16384000,0.345291,0.080535,0.42582600000000004,4,False,1720320.0,0.00172032,13.76256,True
H200,R4000,ad_ptycho,4,1000,4000,64,64,64,0.345033,0.003313,0.084308,0.828477,0.0,1.261622,/home/zhong.zheng/pty-chi/modeling_exp/H200/R4000/ad_ptycho/e4_bs1000.log,1.02,104.5457142857143,84.27,140.02,107.077,7,/home/zhong.zheng/pty-chi/modeling_exp/H200/R4000/ad_ptycho/e4_bs1000_power.csv,16384000,0.345033,0.08762099999999999,0.432654,4,False,1720320.0,0.00172032,27.52512,True
H200,R4000,ad_ptycho,6,1000,4000,64,64,64,0.341403,0.003241,0.079252,1.128078,0.0,1.552448,/home/zhong.zheng/pty-chi/modeling_exp/H200/R4000/ad_ptycho/e6_bs1000.log,1.42,116.29444444444442,84.31,159.45,168.08999999999997,9,/home/zhong.zheng/pty-chi/modeling_exp/H200/R4000/ad_ptycho/e6_bs1000_power.csv,16384000,0.341403,0.082493,0.423896,4,False,1720320.0,0.00172032,41.28768,True
H200,R4000,bh,1,1000,4000,64,64,64,0.340002,0.002881,0.07529,0.381768,0.0,0.80045,/home/zhong.zheng/pty-chi/modeling_exp/H200/R4000/bh/e1_bs1000.log,0.62,94.032,84.39,111.88,57.525000000000006,5,/home/zhong.zheng/pty-chi/modeling_exp/H200/R4000/bh/e1_bs1000_power.csv,16384000,0.340002,0.07817099999999999,0.418173,4,True,1146880.0,0.00114688,4.58752,False
H200,R4000,bh,2,1000,4000,64,64,64,0.355102,0.002824,0.065561,0.535298,0.0,0.959311,/home/zhong.zheng/pty-chi/modeling_exp/H200/R4000/bh/e2_bs1000.log,0.82,98.18666666666667,83.95,124.96,80.14099999999999,6,/home/zhong.zheng/pty-chi/modeling_exp/H200/R4000/bh/e2_bs1000_power.csv,16384000,0.355102,0.068385,0.42348699999999995,4,False,1146880.0,0.00114688,9.17504,True
H200,R4000,bh,4,1000,4000,64,64,64,0.333604,0.003165,0.069819,0.800418,0.0,1.207537,/home/zhong.zheng/pty-chi/modeling_exp/H200/R4000/bh/e4_bs1000.log,1.02,106.1842857142857,84.1,146.09,108.81899999999999,7,/home/zhong.zheng/pty-chi/modeling_exp/H200/R4000/bh/e4_bs1000_power.csv,16384000,0.333604,0.07298400000000001,0.406588,4,False,1146880.0,0.00114688,18.35008,True
H200,R4000,bh,6,1000,4000,64,64,64,0.343382,0.003254,0.082825,1.091839,0.0,1.522125,/home/zhong.zheng/pty-chi/modeling_exp/H200/R4000/bh/e6_bs1000.log,1.42,117.33888888888889,83.94,159.84,170.034,9,/home/zhong.zheng/pty-chi/modeling_exp/H200/R4000/bh/e6_bs1000_power.csv,16384000,0.343382,0.08607899999999999,0.429461,4,False,1146880.0,0.00114688,27.52512,True
H200,R4000,dm,1,1000,4000,64,64,64,0.342203,0.006869,0.071607,0.367289,0.0,0.788782,/home/zhong.zheng/pty-chi/modeling_exp/H200/R4000/dm/e1_bs1000.log,0.62,92.962,84.04,110.29,56.71300000000001,5,/home/zhong.zheng/pty-chi/modeling_exp/H200/R4000/dm/e1_bs1000_power.csv,16384000,0.342203,0.078476,0.420679,4,True,1474560.0,0.00147456,5.89824,False
H200,R4000,dm,2,1000,4000,64,64,64,0.342375,0.006869,0.073477,0.524405,0.0,0.947645,/home/zhong.zheng/pty-chi/modeling_exp/H200/R4000/dm/e2_bs1000.log,0.82,99.21499999999999,83.99,127.43,81.112,6,/home/zhong.zheng/pty-chi/modeling_exp/H200/R4000/dm/e2_bs1000_power.csv,16384000,0.342375,0.080346,0.422721,4,False,1474560.0,0.00147456,11.79648,True
H200,R4000,dm,4,1000,4000,64,64,64,0.357898,0.006894,0.083213,0.792846,0.0,1.241425,/home/zhong.zheng/pty-chi/modeling_exp/H200/R4000/dm/e4_bs1000.log,1.02,103.88571428571429,84.16,139.39,106.251,7,/home/zhong.zheng/pty-chi/modeling_exp/H200/R4000/dm/e4_bs1000_power.csv,16384000,0.357898,0.09010699999999999,0.448005,4,False,1474560.0,0.00147456,23.59296,True
H200,R4000,dm,6,1000,4000,64,64,64,0.341823,0.006817,0.082332,1.096658,0.0,1.528124,/home/zhong.zheng/pty-chi/modeling_exp/H200/R4000/dm/e6_bs1000.log,1.42,116.90666666666668,84.29,160.24,169.113,9,/home/zhong.zheng/pty-chi/modeling_exp/H200/R4000/dm/e6_bs1000_power.csv,16384000,0.341823,0.089149,0.430972,4,False,1474560.0,0.00147456,35.38944,True
H200,R4000,lsqml,1,1000,4000,64,64,64,0.341398,0.003297,0.08066,0.333779,0.0,0.759642,/home/zhong.zheng/pty-chi/modeling_exp/H200/R4000/lsqml/e1_bs1000.log,0.62,93.148,84.2,110.66,56.82,5,/home/zhong.zheng/pty-chi/modeling_exp/H200/R4000/lsqml/e1_bs1000_power.csv,16384000,0.341398,0.08395699999999999,0.425355,4,True,983040.0,0.00098304,3.93216,False
H200,R4000,lsqml,2,1000,4000,64,64,64,0.336919,0.003259,0.071925,0.532685,0.0,0.94528,/home/zhong.zheng/pty-chi/modeling_exp/H200/R4000/lsqml/e2_bs1000.log,0.82,98.455,84.31,123.66,80.47999999999999,6,/home/zhong.zheng/pty-chi/modeling_exp/H200/R4000/lsqml/e2_bs1000_power.csv,16384000,0.336919,0.075184,0.41210300000000005,4,False,983040.0,0.00098304,7.86432,True
H200,R4000,lsqml,4,1000,4000,64,64,64,0.340308,0.002871,0.077151,0.870713,0.0,1.291599,/home/zhong.zheng/pty-chi/modeling_exp/H200/R4000/lsqml/e4_bs1000.log,1.22,110.07624999999999,84.38,151.13,135.691,8,/home/zhong.zheng/pty-chi/modeling_exp/H200/R4000/lsqml/e4_bs1000_power.csv,16384000,0.340308,0.080022,0.42033,4,False,983040.0,0.00098304,15.72864,True
H200,R4000,lsqml,6,1000,4000,64,64,64,0.342649,0.003287,0.085852,1.158992,0.0,1.59132,/home/zhong.zheng/pty-chi/modeling_exp/H200/R4000/lsqml/e6_bs1000.log,1.42,114.85444444444445,84.06,155.91,165.923,9,/home/zhong.zheng/pty-chi/modeling_exp/H200/R4000/lsqml/e6_bs1000_power.csv,16384000,0.342649,0.089139,0.43178799999999995,4,False,983040.0,0.00098304,23.59296,True
H200,R4000,pie,1,1000,4000,64,64,64,0.343331,0.003185,0.068972,21.042874,0.0,21.459032,/home/zhong.zheng/pty-chi/modeling_exp/H200/R4000/pie/e1_bs1000.log,21.24,135.31574074074072,84.36,139.15,2886.4972000000007,108,/home/zhong.zheng/pty-chi/modeling_exp/H200/R4000/pie/e1_bs1000_power.csv,16384000,0.343331,0.072157,0.41548799999999997,4,True,819200.0,0.0008192,3.2768,False
H200,R4000,pie,2,1000,4000,64,64,64,0.342416,0.003295,0.083931,42.904062,0.0,43.334173,/home/zhong.zheng/pty-chi/modeling_exp/H200/R4000/pie/e2_bs1000.log,43.26,136.47165137614678,84.56,138.8,5916.52215,218,/home/zhong.zheng/pty-chi/modeling_exp/H200/R4000/pie/e2_bs1000_power.csv,16384000,0.342416,0.08722600000000001,0.42964199999999997,4,False,819200.0,0.0008192,6.5536,True
H200,R4000,pie,4,1000,4000,64,64,64,0.338722,0.003232,0.061968,81.842242,0.0,82.246945,/home/zhong.zheng/pty-chi/modeling_exp/H200/R4000/pie/e4_bs1000.log,82.1,137.22203883495143,84.08,139.22,11279.091649999998,412,/home/zhong.zheng/pty-chi/modeling_exp/H200/R4000/pie/e4_bs1000_power.csv,16384000,0.338722,0.06520000000000001,0.40392200000000006,4,False,819200.0,0.0008192,13.1072,True
H200,R4000,pie,6,1000,4000,64,64,64,0.357036,0.002894,0.068441,135.786904,0.0,136.216054,/home/zhong.zheng/pty-chi/modeling_exp/H200/R4000/pie/e6_bs1000.log,136.15,137.401642228739,84.04,139.24,18720.45665,682,/home/zhong.zheng/pty-chi/modeling_exp/H200/R4000/pie/e6_bs1000_power.csv,16384000,0.357036,0.071335,0.42837100000000006,4,False,819200.0,0.0008192,19.6608,True
H200,R8000,ad_ptycho,1,1000,8000,64,64,64,0.506733,0.003132,0.081865,0.55428,0.0,1.146531,/home/zhong.zheng/pty-chi/modeling_exp/H200/R8000/ad_ptycho/e1_bs1000.log,1.02,98.07428571428571,84.35,129.15,99.08000000000001,7,/home/zhong.zheng/pty-chi/modeling_exp/H200/R8000/ad_ptycho/e1_bs1000_power.csv,32768000,0.506733,0.08499699999999999,0.59173,8,True,1720320.0,0.00172032,13.76256,False
H200,R8000,ad_ptycho,2,1000,8000,64,64,64,0.502551,0.002796,0.08539,0.915939,0.0,1.507211,/home/zhong.zheng/pty-chi/modeling_exp/H200/R8000/ad_ptycho/e2_bs1000.log,1.42,110.61111111111111,84.24,154.43,158.363,9,/home/zhong.zheng/pty-chi/modeling_exp/H200/R8000/ad_ptycho/e2_bs1000_power.csv,32768000,0.502551,0.08818599999999999,0.590737,8,False,1720320.0,0.00172032,27.52512,True
H200,R8000,ad_ptycho,4,1000,8000,64,64,64,0.507721,0.003132,0.083144,1.543724,0.0,2.138302,/home/zhong.zheng/pty-chi/modeling_exp/H200/R8000/ad_ptycho/e4_bs1000.log,2.02,122.28333333333332,84.17,165.09,251.72000000000003,12,/home/zhong.zheng/pty-chi/modeling_exp/H200/R8000/ad_ptycho/e4_bs1000_power.csv,32768000,0.507721,0.08627599999999999,0.593997,8,False,1720320.0,0.00172032,55.05024,True
H200,R8000,ad_ptycho,6,1000,8000,64,64,64,0.505676,0.002734,0.078378,2.120128,0.0,2.707458,/home/zhong.zheng/pty-chi/modeling_exp/H200/R8000/ad_ptycho/e6_bs1000.log,2.62,132.58733333333333,84.08,168.59,355.73600000000005,15,/home/zhong.zheng/pty-chi/modeling_exp/H200/R8000/ad_ptycho/e6_bs1000_power.csv,32768000,0.505676,0.081112,0.5867880000000001,8,False,1720320.0,0.00172032,82.57536,True
H200,R8000,bh,1,1000,8000,64,64,64,0.504536,0.003108,0.086366,0.58096,0.0,1.175493,/home/zhong.zheng/pty-chi/modeling_exp/H200/R8000/bh/e1_bs1000.log,1.02,98.29142857142857,84.42,128.29,99.42500000000001,7,/home/zhong.zheng/pty-chi/modeling_exp/H200/R8000/bh/e1_bs1000_power.csv,32768000,0.504536,0.089474,0.5940099999999999,8,True,1146880.0,0.00114688,9.17504,False
H200,R8000,bh,2,1000,8000,64,64,64,0.511689,0.003084,0.072995,0.917085,0.0,1.505404,/home/zhong.zheng/pty-chi/modeling_exp/H200/R8000/bh/e2_bs1000.log,1.42,109.67,84.36,155.78,156.504,9,/home/zhong.zheng/pty-chi/modeling_exp/H200/R8000/bh/e2_bs1000_power.csv,32768000,0.511689,0.07607900000000001,0.587768,8,False,1146880.0,0.00114688,18.35008,True
H200,R8000,bh,4,1000,8000,64,64,64,0.505464,0.003078,0.082687,1.434689,0.0,2.026612,/home/zhong.zheng/pty-chi/modeling_exp/H200/R8000/bh/e4_bs1000.log,1.82,120.47272727272725,84.26,166.89,223.028,11,/home/zhong.zheng/pty-chi/modeling_exp/H200/R8000/bh/e4_bs1000_power.csv,32768000,0.505464,0.085765,0.591229,8,False,1146880.0,0.00114688,36.70016,True
H200,R8000,bh,6,1000,8000,64,64,64,0.500612,0.003069,0.076903,1.976771,0.0,2.557824,/home/zhong.zheng/pty-chi/modeling_exp/H200/R8000/bh/e6_bs1000.log,2.42,131.07357142857143,84.27,171.8,324.804,14,/home/zhong.zheng/pty-chi/modeling_exp/H200/R8000/bh/e6_bs1000_power.csv,32768000,0.500612,0.079972,0.580584,8,False,1146880.0,0.00114688,55.05024,True
H200,R8000,dm,1,1000,8000,64,64,64,0.502118,0.01016,0.077162,0.565543,0.0,1.15571,/home/zhong.zheng/pty-chi/modeling_exp/H200/R8000/dm/e1_bs1000.log,1.02,98.05,84.22,127.2,99.26200000000001,7,/home/zhong.zheng/pty-chi/modeling_exp/H200/R8000/dm/e1_bs1000_power.csv,32768000,0.502118,0.087322,0.5894399999999999,8,True,1474560.0,0.00147456,11.79648,False
H200,R8000,dm,2,1000,8000,64,64,64,0.509444,0.01021,0.084498,0.843337,0.0,1.44798,/home/zhong.zheng/pty-chi/modeling_exp/H200/R8000/dm/e2_bs1000.log,1.22,103.58500000000001,84.23,144.92,125.963,8,/home/zhong.zheng/pty-chi/modeling_exp/H200/R8000/dm/e2_bs1000_power.csv,32768000,0.509444,0.094708,0.604152,8,False,1474560.0,0.00147456,23.59296,True
H200,R8000,dm,4,1000,8000,64,64,64,0.501225,0.010152,0.072456,1.545537,0.0,2.129877,/home/zhong.zheng/pty-chi/modeling_exp/H200/R8000/dm/e4_bs1000.log,2.02,122.425,84.42,162.74,252.235,12,/home/zhong.zheng/pty-chi/modeling_exp/H200/R8000/dm/e4_bs1000_power.csv,32768000,0.501225,0.082608,0.583833,8,False,1474560.0,0.00147456,47.18592,True
H200,R8000,dm,6,1000,8000,64,64,64,0.503795,0.010273,0.084057,2.157576,0.0,2.756278,/home/zhong.zheng/pty-chi/modeling_exp/H200/R8000/dm/e6_bs1000.log,2.62,131.0413333333333,84.36,163.78,351.48400000000004,15,/home/zhong.zheng/pty-chi/modeling_exp/H200/R8000/dm/e6_bs1000_power.csv,32768000,0.503795,0.09433000000000001,0.598125,8,False,1474560.0,0.00147456,70.77888,True
H200,R8000,lsqml,1,1000,8000,64,64,64,0.517583,0.003136,0.080556,0.495103,0.0,1.097038,/home/zhong.zheng/pty-chi/modeling_exp/H200/R8000/lsqml/e1_bs1000.log,1.02,97.68571428571428,84.32,125.43,98.921,7,/home/zhong.zheng/pty-chi/modeling_exp/H200/R8000/lsqml/e1_bs1000_power.csv,32768000,0.517583,0.083692,0.601275,8,True,983040.0,0.00098304,7.86432,False
H200,R8000,lsqml,2,1000,8000,64,64,64,0.505522,0.003117,0.081955,0.878615,0.0,1.469764,/home/zhong.zheng/pty-chi/modeling_exp/H200/R8000/lsqml/e2_bs1000.log,1.22,102.46125,84.04,138.59,124.84800000000001,8,/home/zhong.zheng/pty-chi/modeling_exp/H200/R8000/lsqml/e2_bs1000_power.csv,32768000,0.505522,0.085072,0.5905940000000001,8,False,983040.0,0.00098304,15.72864,True
H200,R8000,lsqml,4,1000,8000,64,64,64,0.508245,0.00317,0.08844,1.555993,0.0,2.156356,/home/zhong.zheng/pty-chi/modeling_exp/H200/R8000/lsqml/e4_bs1000.log,2.02,120.09083333333335,84.26,159.7,246.969,12,/home/zhong.zheng/pty-chi/modeling_exp/H200/R8000/lsqml/e4_bs1000_power.csv,32768000,0.508245,0.09161000000000001,0.5998549999999999,8,False,983040.0,0.00098304,31.45728,True
H200,R8000,lsqml,6,1000,8000,64,64,64,0.508186,0.003162,0.07195,2.21265,0.0,2.796515,/home/zhong.zheng/pty-chi/modeling_exp/H200/R8000/lsqml/e6_bs1000.log,2.62,128.52866666666668,84.28,162.76,344.02200000000005,15,/home/zhong.zheng/pty-chi/modeling_exp/H200/R8000/lsqml/e6_bs1000_power.csv,32768000,0.508186,0.075112,0.583298,8,False,983040.0,0.00098304,47.18592,True
H200,R8000,pie,1,1000,8000,64,64,64,0.502863,0.003152,0.082213,45.950834,0.0,46.539704,/home/zhong.zheng/pty-chi/modeling_exp/H200/R8000/pie/e1_bs1000.log,46.46,136.43739316239316,84.18,140.08,6351.671249999999,234,/home/zhong.zheng/pty-chi/modeling_exp/H200/R8000/pie/e1_bs1000_power.csv,32768000,0.502863,0.085365,0.588228,8,True,819200.0,0.0008192,6.5536,False
H200,R8000,pie,2,1000,8000,64,64,64,0.508227,0.00315,0.069277,85.026367,0.0,85.607858,/home/zhong.zheng/pty-chi/modeling_exp/H200/R8000/pie/e2_bs1000.log,85.5,137.21613053613055,83.87,139.92,11745.211,429,/home/zhong.zheng/pty-chi/modeling_exp/H200/R8000/pie/e2_bs1000_power.csv,32768000,0.508227,0.072427,0.580654,8,False,819200.0,0.0008192,13.1072,True
H200,R8000,pie,4,1000,8000,64,64,64,0.505872,0.003094,0.085554,168.760549,0.0,169.355904,/home/zhong.zheng/pty-chi/modeling_exp/H200/R8000/pie/e4_bs1000.log,169.18,137.70744982290435,83.8,140.2,23310.70655,847,/home/zhong.zheng/pty-chi/modeling_exp/H200/R8000/pie/e4_bs1000_power.csv,32768000,0.505872,0.088648,0.59452,8,False,819200.0,0.0008192,26.2144,True
H200,R8000,pie,6,1000,8000,64,64,64,0.507389,0.003139,0.085046,260.736084,0.0,261.33245,/home/zhong.zheng/pty-chi/modeling_exp/H200/R8000/pie/e6_bs1000.log,261.26,137.6904208110176,84.11,140.2,35986.287449999996,1307,/home/zhong.zheng/pty-chi/modeling_exp/H200/R8000/pie/e6_bs1000_power.csv,32768000,0.507389,0.088185,0.5955739999999999,8,False,819200.0,0.0008192,39.3216,True
MI300A,R1000,ad_ptycho,1,1000,1000,64,64,64,3.353452,0.007126,0.073121,3.357936,0.0,6.792411,/home/zhong.zheng/pty-chi/modeling_exp/MI300A/R1000/ad_ptycho/e1_bs1000.log,6.6,109.88571428571429,80.0,165.0,723.4999999999999,35,/home/zhong.zheng/pty-chi/modeling_exp/MI300A/R1000/ad_ptycho/e1_bs1000_power.csv,4096000,3.353452,0.08024700000000001,3.433699,1,True,1720320.0,0.00172032,1.72032,False
MI300A,R1000,ad_ptycho,2,1000,1000,64,64,64,3.606112,0.006379,0.12908,3.43802,0.0,7.180575,/home/zhong.zheng/pty-chi/modeling_exp/MI300A/R1000/ad_ptycho/e2_bs1000.log,6.8,93.61111111111111,80.0,161.0,631.5,36,/home/zhong.zheng/pty-chi/modeling_exp/MI300A/R1000/ad_ptycho/e2_bs1000_power.csv,4096000,3.606112,0.135459,3.741571,1,False,1720320.0,0.00172032,3.44064,True
MI300A,R1000,ad_ptycho,4,1000,1000,64,64,64,3.38134,0.006569,0.14485,3.496918,0.0,7.030399,/home/zhong.zheng/pty-chi/modeling_exp/MI300A/R1000/ad_ptycho/e4_bs1000.log,6.8,97.41666666666667,80.0,157.0,654.8,36,/home/zhong.zheng/pty-chi/modeling_exp/MI300A/R1000/ad_ptycho/e4_bs1000_power.csv,4096000,3.38134,0.151419,3.5327589999999995,1,False,1720320.0,0.00172032,6.88128,True
MI300A,R1000,ad_ptycho,6,1000,1000,64,64,64,3.592793,0.006852,0.079825,3.584215,0.0,7.264618,/home/zhong.zheng/pty-chi/modeling_exp/MI300A/R1000/ad_ptycho/e6_bs1000.log,6.8,97.5,80.0,164.0,657.4,36,/home/zhong.zheng/pty-chi/modeling_exp/MI300A/R1000/ad_ptycho/e6_bs1000_power.csv,4096000,3.592793,0.08667699999999999,3.67947,1,False,1720320.0,0.00172032,10.32192,True
MI300A,R1000,bh,1,1000,1000,64,64,64,3.338896,0.006385,0.126714,6.33228,0.0,9.805074,/home/zhong.zheng/pty-chi/modeling_exp/MI300A/R1000/bh/e1_bs1000.log,9.6,95.6,80.0,162.0,915.1,50,/home/zhong.zheng/pty-chi/modeling_exp/MI300A/R1000/bh/e1_bs1000_power.csv,4096000,3.338896,0.133099,3.4719949999999997,1,True,1146880.0,0.00114688,1.14688,False
MI300A,R1000,bh,2,1000,1000,64,64,64,3.619679,0.006482,0.136875,6.508857,0.0,10.272737,/home/zhong.zheng/pty-chi/modeling_exp/MI300A/R1000/bh/e2_bs1000.log,9.8,92.80392156862744,80.0,148.0,901.7000000000002,51,/home/zhong.zheng/pty-chi/modeling_exp/MI300A/R1000/bh/e2_bs1000_power.csv,4096000,3.619679,0.14335699999999998,3.763036,1,False,1146880.0,0.00114688,2.29376,True
MI300A,R1000,bh,4,1000,1000,64,64,64,3.375909,0.006604,0.141724,6.4589,0.0,9.984156,/home/zhong.zheng/pty-chi/modeling_exp/MI300A/R1000/bh/e4_bs1000.log,9.8,95.3529411764706,80.0,158.0,924.7000000000003,51,/home/zhong.zheng/pty-chi/modeling_exp/MI300A/R1000/bh/e4_bs1000_power.csv,4096000,3.375909,0.148328,3.524237,1,False,1146880.0,0.00114688,4.58752,True
MI300A,R1000,bh,6,1000,1000,64,64,64,3.361752,0.006741,0.134574,6.488016,0.0,9.991861,/home/zhong.zheng/pty-chi/modeling_exp/MI300A/R1000/bh/e6_bs1000.log,9.8,92.98039215686275,80.0,183.0,899.8000000000001,51,/home/zhong.zheng/pty-chi/modeling_exp/MI300A/R1000/bh/e6_bs1000_power.csv,4096000,3.361752,0.141315,3.503067,1,False,1146880.0,0.00114688,6.88128,True
MI300A,R1000,dm,1,1000,1000,64,64,64,3.392965,0.006627,0.14633,3.347984,0.0,6.894715,/home/zhong.zheng/pty-chi/modeling_exp/MI300A/R1000/dm/e1_bs1000.log,6.8,94.19444444444444,79.0,152.0,632.8,36,/home/zhong.zheng/pty-chi/modeling_exp/MI300A/R1000/dm/e1_bs1000_power.csv,4096000,3.392965,0.15295699999999998,3.5459219999999996,1,True,1474560.0,0.00147456,1.47456,False
MI300A,R1000,dm,2,1000,1000,64,64,64,3.61692,0.007089,0.077132,3.412587,0.0,7.114754,/home/zhong.zheng/pty-chi/modeling_exp/MI300A/R1000/dm/e2_bs1000.log,6.8,99.16666666666667,80.0,170.0,667.6000000000001,36,/home/zhong.zheng/pty-chi/modeling_exp/MI300A/R1000/dm/e2_bs1000_power.csv,4096000,3.61692,0.084221,3.7011410000000002,1,False,1474560.0,0.00147456,2.94912,True
MI300A,R1000,dm,4,1000,1000,64,64,64,3.363755,0.006957,0.131956,3.445852,0.0,6.949335,/home/zhong.zheng/pty-chi/modeling_exp/MI300A/R1000/dm/e4_bs1000.log,6.8,96.33333333333333,80.0,174.0,645.9,36,/home/zhong.zheng/pty-chi/modeling_exp/MI300A/R1000/dm/e4_bs1000_power.csv,4096000,3.363755,0.13891299999999998,3.502668,1,False,1474560.0,0.00147456,5.89824,True
MI300A,R1000,dm,6,1000,1000,64,64,64,3.36464,0.006888,0.128713,3.523908,0.0,7.024909,/home/zhong.zheng/pty-chi/modeling_exp/MI300A/R1000/dm/e6_bs1000.log,6.8,95.16666666666667,80.0,175.0,637.4000000000001,36,/home/zhong.zheng/pty-chi/modeling_exp/MI300A/R1000/dm/e6_bs1000_power.csv,4096000,3.36464,0.135601,3.500241,1,False,1474560.0,0.00147456,8.84736,True
MI300A,R1000,lsqml,1,1000,1000,64,64,64,3.36431,0.006546,0.116453,3.303855,0.0,6.792169,/home/zhong.zheng/pty-chi/modeling_exp/MI300A/R1000/lsqml/e1_bs1000.log,6.6,99.42857142857143,80.0,161.0,656.2,35,/home/zhong.zheng/pty-chi/modeling_exp/MI300A/R1000/lsqml/e1_bs1000_power.csv,4096000,3.36431,0.122999,3.487309,1,True,983040.0,0.00098304,0.98304,False
MI300A,R1000,lsqml,2,1000,1000,64,64,64,3.353011,0.006929,0.075725,3.528623,0.0,6.965052,/home/zhong.zheng/pty-chi/modeling_exp/MI300A/R1000/lsqml/e2_bs1000.log,6.8,100.94444444444444,80.0,170.0,679.8000000000001,36,/home/zhong.zheng/pty-chi/modeling_exp/MI300A/R1000/lsqml/e2_bs1000_power.csv,4096000,3.353011,0.082654,3.4356649999999997,1,False,983040.0,0.00098304,1.96608,True
MI300A,R1000,lsqml,4,1000,1000,64,64,64,3.365811,0.006709,0.131334,3.547687,0.0,7.052287,/home/zhong.zheng/pty-chi/modeling_exp/MI300A/R1000/lsqml/e4_bs1000.log,6.8,99.72222222222223,80.0,171.0,668.8,36,/home/zhong.zheng/pty-chi/modeling_exp/MI300A/R1000/lsqml/e4_bs1000_power.csv,4096000,3.365811,0.138043,3.5038539999999996,1,False,983040.0,0.00098304,3.93216,True
MI300A,R1000,lsqml,6,1000,1000,64,64,64,3.394403,0.007099,0.143334,3.644879,0.0,7.190779,/home/zhong.zheng/pty-chi/modeling_exp/MI300A/R1000/lsqml/e6_bs1000.log,7.0,99.70270270270271,80.0,185.0,687.8000000000002,37,/home/zhong.zheng/pty-chi/modeling_exp/MI300A/R1000/lsqml/e6_bs1000_power.csv,4096000,3.394403,0.15043299999999998,3.544836,1,False,983040.0,0.00098304,5.89824,True
MI300A,R1000,pie,1,1000,1000,64,64,64,3.606926,0.006744,0.139222,6.883367,0.0,10.637347,/home/zhong.zheng/pty-chi/modeling_exp/MI300A/R1000/pie/e1_bs1000.log,10.2,121.75471698113208,80.0,180.0,1242.2999999999997,53,/home/zhong.zheng/pty-chi/modeling_exp/MI300A/R1000/pie/e1_bs1000_power.csv,4096000,3.606926,0.145966,3.752892,1,True,819200.0,0.0008192,0.8192,False
MI300A,R1000,pie,2,1000,1000,64,64,64,3.347133,0.006535,0.134872,10.547775,0.0,14.037081,/home/zhong.zheng/pty-chi/modeling_exp/MI300A/R1000/pie/e2_bs1000.log,13.8,139.6056338028169,80.0,181.0,1933.8000000000002,71,/home/zhong.zheng/pty-chi/modeling_exp/MI300A/R1000/pie/e2_bs1000_power.csv,4096000,3.347133,0.141407,3.48854,1,False,819200.0,0.0008192,1.6384,True
MI300A,R1000,pie,4,1000,1000,64,64,64,3.364995,0.008126,0.137527,18.916105,0.0,22.427539,/home/zhong.zheng/pty-chi/modeling_exp/MI300A/R1000/pie/e4_bs1000.log,22.21,152.1946902654867,80.0,181.0,3391.6899999999996,113,/home/zhong.zheng/pty-chi/modeling_exp/MI300A/R1000/pie/e4_bs1000_power.csv,4096000,3.364995,0.145653,3.5106479999999998,1,False,819200.0,0.0008192,3.2768,True
MI300A,R1000,pie,6,1000,1000,64,64,64,3.368426,0.006593,0.079725,26.597264,0.0,30.053022,/home/zhong.zheng/pty-chi/modeling_exp/MI300A/R1000/pie/e6_bs1000.log,29.81,160.01324503311258,80.0,183.0,4784.489999999999,151,/home/zhong.zheng/pty-chi/modeling_exp/MI300A/R1000/pie/e6_bs1000_power.csv,4096000,3.368426,0.086318,3.454744,1,False,819200.0,0.0008192,4.9152,True
MI300A,R12000,ad_ptycho,1,1000,12000,64,64,64,3.865068,0.006672,0.139722,3.868196,0.0,7.880827,/home/zhong.zheng/pty-chi/modeling_exp/MI300A/R12000/ad_ptycho/e1_bs1000.log,7.6,105.35,80.0,196.0,790.0999999999999,40,/home/zhong.zheng/pty-chi/modeling_exp/MI300A/R12000/ad_ptycho/e1_bs1000_power.csv,49152000,3.865068,0.14639400000000002,4.011462,12,True,1720320.0,0.00172032,20.64384,False
MI300A,R12000,ad_ptycho,2,1000,12000,64,64,64,3.865826,0.007182,0.136861,4.302218,0.0,8.312948,/home/zhong.zheng/pty-chi/modeling_exp/MI300A/R12000/ad_ptycho/e2_bs1000.log,8.2,112.83720930232558,80.0,245.0,913.4999999999999,43,/home/zhong.zheng/pty-chi/modeling_exp/MI300A/R12000/ad_ptycho/e2_bs1000_power.csv,49152000,3.865826,0.144043,4.009869,12,False,1720320.0,0.00172032,41.28768,True
MI300A,R12000,ad_ptycho,4,1000,12000,64,64,64,4.355327,0.006925,0.144523,5.344013,0.0,9.851576,/home/zhong.zheng/pty-chi/modeling_exp/MI300A/R12000/ad_ptycho/e4_bs1000.log,9.4,119.10204081632654,80.0,244.0,1115.0000000000002,49,/home/zhong.zheng/pty-chi/modeling_exp/MI300A/R12000/ad_ptycho/e4_bs1000_power.csv,49152000,4.355327,0.151448,4.506775,12,False,1720320.0,0.00172032,82.57536,True
MI300A,R12000,ad_ptycho,6,1000,12000,64,64,64,4.202319,0.007994,0.148689,6.040332,0.0,10.400387,/home/zhong.zheng/pty-chi/modeling_exp/MI300A/R12000/ad_ptycho/e6_bs1000.log,10.0,123.76923076923077,80.0,239.0,1231.2999999999997,52,/home/zhong.zheng/pty-chi/modeling_exp/MI300A/R12000/ad_ptycho/e6_bs1000_power.csv,49152000,4.202319,0.156683,4.359002,12,False,1720320.0,0.00172032,123.86304,True
MI300A,R12000,bh,1,1000,12000,64,64,64,3.8995,0.007269,0.127471,6.906201,0.0,10.941302,/home/zhong.zheng/pty-chi/modeling_exp/MI300A/R12000/bh/e1_bs1000.log,10.8,105.01785714285714,80.0,249.0,1119.8000000000002,56,/home/zhong.zheng/pty-chi/modeling_exp/MI300A/R12000/bh/e1_bs1000_power.csv,49152000,3.8995,0.13474,4.0342400000000005,12,True,1146880.0,0.00114688,13.76256,False
MI300A,R12000,bh,2,1000,12000,64,64,64,4.333164,0.006526,0.124374,7.179505,0.0,11.644635,/home/zhong.zheng/pty-chi/modeling_exp/MI300A/R12000/bh/e2_bs1000.log,11.2,105.89655172413794,80.0,236.0,1171.1999999999998,58,/home/zhong.zheng/pty-chi/modeling_exp/MI300A/R12000/bh/e2_bs1000_power.csv,49152000,4.333164,0.1309,4.4640640000000005,12,False,1146880.0,0.00114688,27.52512,True
MI300A,R12000,bh,4,1000,12000,64,64,64,3.89692,0.007028,0.147671,8.21918,0.0,12.271591,/home/zhong.zheng/pty-chi/modeling_exp/MI300A/R12000/bh/e4_bs1000.log,12.0,110.38709677419355,80.0,255.0,1321.8000000000002,62,/home/zhong.zheng/pty-chi/modeling_exp/MI300A/R12000/bh/e4_bs1000_power.csv,49152000,3.89692,0.154699,4.0516190000000005,12,False,1146880.0,0.00114688,55.05024,True
MI300A,R12000,bh,6,1000,12000,64,64,64,4.112445,0.006609,0.140941,9.160767,0.0,13.421543,/home/zhong.zheng/pty-chi/modeling_exp/MI300A/R12000/bh/e6_bs1000.log,13.0,124.02985074626865,80.0,256.0,1605.6,67,/home/zhong.zheng/pty-chi/modeling_exp/MI300A/R12000/bh/e6_bs1000_power.csv,49152000,4.112445,0.14755000000000001,4.259995,12,False,1146880.0,0.00114688,82.57536,True
MI300A,R12000,dm,1,1000,12000,64,64,64,4.183538,0.016612,0.132645,4.380296,0.0,8.714301,/home/zhong.zheng/pty-chi/modeling_exp/MI300A/R12000/dm/e1_bs1000.log,8.2,99.48837209302326,80.0,202.0,812.9999999999999,43,/home/zhong.zheng/pty-chi/modeling_exp/MI300A/R12000/dm/e1_bs1000_power.csv,49152000,4.183538,0.149257,4.332795000000001,12,True,1474560.0,0.00147456,17.69472,False
MI300A,R12000,dm,2,1000,12000,64,64,64,4.107687,0.016813,0.152397,4.645144,0.0,8.922973,/home/zhong.zheng/pty-chi/modeling_exp/MI300A/R12000/dm/e2_bs1000.log,8.4,108.88636363636364,80.0,216.0,909.6,44,/home/zhong.zheng/pty-chi/modeling_exp/MI300A/R12000/dm/e2_bs1000_power.csv,49152000,4.107687,0.16921,4.276897,12,False,1474560.0,0.00147456,35.38944,True
MI300A,R12000,dm,4,1000,12000,64,64,64,3.850018,0.016251,0.141179,5.989973,0.0,9.998304,/home/zhong.zheng/pty-chi/modeling_exp/MI300A/R12000/dm/e4_bs1000.log,9.81,118.05882352941177,80.0,241.0,1165.1,51,/home/zhong.zheng/pty-chi/modeling_exp/MI300A/R12000/dm/e4_bs1000_power.csv,49152000,3.850018,0.15743000000000001,4.007448,12,False,1474560.0,0.00147456,70.77888,True
MI300A,R12000,dm,6,1000,12000,64,64,64,3.915576,0.01606,0.154846,6.970139,0.0,11.057731,/home/zhong.zheng/pty-chi/modeling_exp/MI300A/R12000/dm/e6_bs1000.log,10.8,121.07142857142857,80.0,292.0,1313.9,56,/home/zhong.zheng/pty-chi/modeling_exp/MI300A/R12000/dm/e6_bs1000_power.csv,49152000,3.915576,0.170906,4.086482,12,False,1474560.0,0.00147456,106.16832,True
MI300A,R12000,lsqml,1,1000,12000,64,64,64,3.893927,0.00685,0.137693,3.716091,0.0,7.755329,/home/zhong.zheng/pty-chi/modeling_exp/MI300A/R12000/lsqml/e1_bs1000.log,7.6,106.75,80.0,208.0,805.2999999999998,40,/home/zhong.zheng/pty-chi/modeling_exp/MI300A/R12000/lsqml/e1_bs1000_power.csv,49152000,3.893927,0.144543,4.03847,12,True,983040.0,0.00098304,11.79648,False
MI300A,R12000,lsqml,2,1000,12000,64,64,64,4.075495,0.006981,0.134607,4.236509,0.0,8.454433,/home/zhong.zheng/pty-chi/modeling_exp/MI300A/R12000/lsqml/e2_bs1000.log,8.0,117.35714285714286,80.0,216.0,932.4,42,/home/zhong.zheng/pty-chi/modeling_exp/MI300A/R12000/lsqml/e2_bs1000_power.csv,49152000,4.075495,0.141588,4.217083,12,False,983040.0,0.00098304,23.59296,True
MI300A,R12000,lsqml,4,1000,12000,64,64,64,4.084757,0.007061,0.147595,5.351833,0.0,9.592268,/home/zhong.zheng/pty-chi/modeling_exp/MI300A/R12000/lsqml/e4_bs1000.log,9.2,123.27083333333333,80.0,244.0,1126.8999999999996,48,/home/zhong.zheng/pty-chi/modeling_exp/MI300A/R12000/lsqml/e4_bs1000_power.csv,49152000,4.084757,0.15465600000000002,4.239413,12,False,983040.0,0.00098304,47.18592,True
MI300A,R12000,lsqml,6,1000,12000,64,64,64,4.119781,0.007094,0.142463,6.383705,0.0,10.653979,/home/zhong.zheng/pty-chi/modeling_exp/MI300A/R12000/lsqml/e6_bs1000.log,10.4,125.37037037037037,80.0,251.0,1306.6000000000001,54,/home/zhong.zheng/pty-chi/modeling_exp/MI300A/R12000/lsqml/e6_bs1000_power.csv,49152000,4.119781,0.149557,4.269338,12,False,983040.0,0.00098304,70.77888,True
MI300A,R12000,pie,1,1000,12000,64,64,64,3.886932,0.006876,0.140667,46.401707,0.0,50.437472,/home/zhong.zheng/pty-chi/modeling_exp/MI300A/R12000/pie/e1_bs1000.log,50.21,169.80237154150197,80.0,208.0,8544.51,253,/home/zhong.zheng/pty-chi/modeling_exp/MI300A/R12000/pie/e1_bs1000_power.csv,49152000,3.886932,0.14754299999999998,4.034475,12,True,819200.0,0.0008192,9.8304,False
MI300A,R12000,pie,2,1000,12000,64,64,64,4.153363,0.007061,0.084067,89.07714,0.0,93.322752,/home/zhong.zheng/pty-chi/modeling_exp/MI300A/R12000/pie/e2_bs1000.log,92.82,174.33476394849785,80.0,208.0,16200.434999999998,466,/home/zhong.zheng/pty-chi/modeling_exp/MI300A/R12000/pie/e2_bs1000_power.csv,49152000,4.153363,0.091128,4.244491,12,False,819200.0,0.0008192,19.6608,True
MI300A,R12000,pie,4,1000,12000,64,64,64,4.353684,0.00671,0.143683,189.220616,0.0,193.725806,/home/zhong.zheng/pty-chi/modeling_exp/MI300A/R12000/pie/e4_bs1000.log,193.24,177.10640495867767,80.0,208.0,34249.12,968,/home/zhong.zheng/pty-chi/modeling_exp/MI300A/R12000/pie/e4_bs1000_power.csv,49152000,4.353684,0.150393,4.5040770000000006,12,False,819200.0,0.0008192,39.3216,True
MI300A,R12000,pie,6,1000,12000,64,64,64,3.892567,0.006854,0.146471,261.207123,0.0,265.254104,/home/zhong.zheng/pty-chi/modeling_exp/MI300A/R12000/pie/e6_bs1000.log,265.06,178.7935192162773,80.0,207.0,47410.96,1327,/home/zhong.zheng/pty-chi/modeling_exp/MI300A/R12000/pie/e6_bs1000_power.csv,49152000,3.892567,0.153325,4.045892,12,False,819200.0,0.0008192,58.9824,True
MI300A,R2000,ad_ptycho,1,1000,2000,64,64,64,3.644343,0.00653,0.110876,3.443448,0.0,7.206344,/home/zhong.zheng/pty-chi/modeling_exp/MI300A/R2000/ad_ptycho/e1_bs1000.log,6.8,95.55555555555556,80.0,157.0,639.3,36,/home/zhong.zheng/pty-chi/modeling_exp/MI300A/R2000/ad_ptycho/e1_bs1000_power.csv,8192000,3.644343,0.117406,3.7617490000000005,2,True,1720320.0,0.00172032,3.44064,False
MI300A,R2000,ad_ptycho,2,1000,2000,64,64,64,3.433221,0.006773,0.132804,3.504844,0.0,7.078466,/home/zhong.zheng/pty-chi/modeling_exp/MI300A/R2000/ad_ptycho/e2_bs1000.log,6.8,96.69444444444444,80.0,155.0,649.1000000000001,36,/home/zhong.zheng/pty-chi/modeling_exp/MI300A/R2000/ad_ptycho/e2_bs1000_power.csv,8192000,3.433221,0.139577,3.572798,2,False,1720320.0,0.00172032,6.88128,True
MI300A,R2000,ad_ptycho,4,1000,2000,64,64,64,3.618348,0.006918,0.13816,3.648396,0.0,7.412562,/home/zhong.zheng/pty-chi/modeling_exp/MI300A/R2000/ad_ptycho/e4_bs1000.log,7.0,102.83783783783784,80.0,207.0,713.0,37,/home/zhong.zheng/pty-chi/modeling_exp/MI300A/R2000/ad_ptycho/e4_bs1000_power.csv,8192000,3.618348,0.145078,3.7634260000000004,2,False,1720320.0,0.00172032,13.76256,True
MI300A,R2000,ad_ptycho,6,1000,2000,64,64,64,3.624014,0.006614,0.132025,3.76813,0.0,7.531897,/home/zhong.zheng/pty-chi/modeling_exp/MI300A/R2000/ad_ptycho/e6_bs1000.log,7.2,107.21052631578948,80.0,224.0,759.7,38,/home/zhong.zheng/pty-chi/modeling_exp/MI300A/R2000/ad_ptycho/e6_bs1000_power.csv,8192000,3.624014,0.138639,3.762653,2,False,1720320.0,0.00172032,20.64384,True
MI300A,R2000,bh,1,1000,2000,64,64,64,3.668972,0.006895,0.100676,6.489357,0.0,10.266706,/home/zhong.zheng/pty-chi/modeling_exp/MI300A/R2000/bh/e1_bs1000.log,9.8,96.6078431372549,80.0,160.0,941.1999999999999,51,/home/zhong.zheng/pty-chi/modeling_exp/MI300A/R2000/bh/e1_bs1000_power.csv,8192000,3.668972,0.107571,3.776543,2,True,1146880.0,0.00114688,2.29376,False
MI300A,R2000,bh,2,1000,2000,64,64,64,3.57083,0.006678,0.13476,6.535321,0.0,10.248615,/home/zhong.zheng/pty-chi/modeling_exp/MI300A/R2000/bh/e2_bs1000.log,10.0,93.92307692307692,80.0,161.0,927.9000000000001,52,/home/zhong.zheng/pty-chi/modeling_exp/MI300A/R2000/bh/e2_bs1000_power.csv,8192000,3.57083,0.14143799999999998,3.712268,2,False,1146880.0,0.00114688,4.58752,True
MI300A,R2000,bh,4,1000,2000,64,64,64,3.403136,0.006261,0.119464,6.623251,0.0,10.152903,/home/zhong.zheng/pty-chi/modeling_exp/MI300A/R2000/bh/e4_bs1000.log,10.0,100.67307692307692,80.0,220.0,992.3,52,/home/zhong.zheng/pty-chi/modeling_exp/MI300A/R2000/bh/e4_bs1000_power.csv,8192000,3.403136,0.125725,3.5288609999999996,2,False,1146880.0,0.00114688,9.17504,True
MI300A,R2000,bh,6,1000,2000,64,64,64,3.425812,0.006579,0.130545,6.740696,0.0,10.304406,/home/zhong.zheng/pty-chi/modeling_exp/MI300A/R2000/bh/e6_bs1000.log,10.2,101.15094339622641,80.0,235.0,1016.2999999999998,53,/home/zhong.zheng/pty-chi/modeling_exp/MI300A/R2000/bh/e6_bs1000_power.csv,8192000,3.425812,0.137124,3.562936,2,False,1146880.0,0.00114688,13.76256,True
MI300A,R2000,dm,1,1000,2000,64,64,64,3.460534,0.008558,0.107532,3.407604,0.0,6.985211,/home/zhong.zheng/pty-chi/modeling_exp/MI300A/R2000/dm/e1_bs1000.log,6.8,99.0,80.0,163.0,665.9,36,/home/zhong.zheng/pty-chi/modeling_exp/MI300A/R2000/dm/e1_bs1000_power.csv,8192000,3.460534,0.11609,3.576624,2,True,1474560.0,0.00147456,2.94912,False
MI300A,R2000,dm,2,1000,2000,64,64,64,3.407295,0.008526,0.073133,3.452435,0.0,6.942246,/home/zhong.zheng/pty-chi/modeling_exp/MI300A/R2000/dm/e2_bs1000.log,6.8,93.22222222222223,80.0,173.0,621.6999999999999,36,/home/zhong.zheng/pty-chi/modeling_exp/MI300A/R2000/dm/e2_bs1000_power.csv,8192000,3.407295,0.08165900000000001,3.4889539999999997,2,False,1474560.0,0.00147456,5.89824,True
MI300A,R2000,dm,4,1000,2000,64,64,64,3.404325,0.008509,0.141956,3.607489,0.0,7.163022,/home/zhong.zheng/pty-chi/modeling_exp/MI300A/R2000/dm/e4_bs1000.log,7.0,99.5945945945946,80.0,213.0,683.3000000000001,37,/home/zhong.zheng/pty-chi/modeling_exp/MI300A/R2000/dm/e4_bs1000_power.csv,8192000,3.404325,0.150465,3.55479,2,False,1474560.0,0.00147456,11.79648,True
MI300A,R2000,dm,6,1000,2000,64,64,64,3.448494,0.008832,0.114467,4.11377,0.0,7.686686,/home/zhong.zheng/pty-chi/modeling_exp/MI300A/R2000/dm/e6_bs1000.log,7.4,105.74358974358974,80.0,216.0,778.3,39,/home/zhong.zheng/pty-chi/modeling_exp/MI300A/R2000/dm/e6_bs1000_power.csv,8192000,3.448494,0.12329899999999999,3.571793,2,False,1474560.0,0.00147456,17.69472,True
MI300A,R2000,lsqml,1,1000,2000,64,64,64,3.405019,0.006656,0.142414,3.329077,0.0,6.883997,/home/zhong.zheng/pty-chi/modeling_exp/MI300A/R2000/lsqml/e1_bs1000.log,6.6,91.11428571428571,80.0,150.0,599.2,35,/home/zhong.zheng/pty-chi/modeling_exp/MI300A/R2000/lsqml/e1_bs1000_power.csv,8192000,3.405019,0.14907,3.554089,2,True,983040.0,0.00098304,1.96608,False
MI300A,R2000,lsqml,2,1000,2000,64,64,64,3.604268,0.006456,0.084572,3.553188,0.0,7.249287,/home/zhong.zheng/pty-chi/modeling_exp/MI300A/R2000/lsqml/e2_bs1000.log,7.0,111.27027027027027,80.0,172.0,767.7,37,/home/zhong.zheng/pty-chi/modeling_exp/MI300A/R2000/lsqml/e2_bs1000_power.csv,8192000,3.604268,0.091028,3.695296,2,False,983040.0,0.00098304,3.93216,True
MI300A,R2000,lsqml,4,1000,2000,64,64,64,3.431106,0.006689,0.135957,3.723677,0.0,7.298608,/home/zhong.zheng/pty-chi/modeling_exp/MI300A/R2000/lsqml/e4_bs1000.log,7.0,105.35135135135135,80.0,173.0,728.4,37,/home/zhong.zheng/pty-chi/modeling_exp/MI300A/R2000/lsqml/e4_bs1000_power.csv,8192000,3.431106,0.142646,3.5737520000000003,2,False,983040.0,0.00098304,7.86432,True
MI300A,R2000,lsqml,6,1000,2000,64,64,64,3.651744,0.006447,0.132088,3.803526,0.0,7.600316,/home/zhong.zheng/pty-chi/modeling_exp/MI300A/R2000/lsqml/e6_bs1000.log,7.2,104.73684210526316,80.0,235.0,734.1000000000001,38,/home/zhong.zheng/pty-chi/modeling_exp/MI300A/R2000/lsqml/e6_bs1000_power.csv,8192000,3.651744,0.13853500000000002,3.790279,2,False,983040.0,0.00098304,11.79648,True
MI300A,R2000,pie,1,1000,2000,64,64,64,3.745433,0.006569,0.135554,12.174154,0.0,16.06295,/home/zhong.zheng/pty-chi/modeling_exp/MI300A/R2000/pie/e1_bs1000.log,15.6,142.25,80.0,180.0,2233.1,80,/home/zhong.zheng/pty-chi/modeling_exp/MI300A/R2000/pie/e1_bs1000_power.csv,8192000,3.745433,0.142123,3.8875559999999996,2,True,819200.0,0.0008192,1.6384,False
MI300A,R2000,pie,2,1000,2000,64,64,64,3.642494,0.007152,0.133695,18.847464,0.0,22.631707,/home/zhong.zheng/pty-chi/modeling_exp/MI300A/R2000/pie/e2_bs1000.log,22.21,152.34513274336283,80.0,180.0,3394.49,113,/home/zhong.zheng/pty-chi/modeling_exp/MI300A/R2000/pie/e2_bs1000_power.csv,8192000,3.642494,0.140847,3.783341,2,False,819200.0,0.0008192,3.2768,True
MI300A,R2000,pie,4,1000,2000,64,64,64,3.411479,0.006606,0.075754,32.238525,0.0,35.733323,/home/zhong.zheng/pty-chi/modeling_exp/MI300A/R2000/pie/e4_bs1000.log,35.61,163.05,80.0,186.0,5819.699999999999,180,/home/zhong.zheng/pty-chi/modeling_exp/MI300A/R2000/pie/e4_bs1000_power.csv,8192000,3.411479,0.08236,3.493839,2,False,819200.0,0.0008192,6.5536,True
MI300A,R2000,pie,6,1000,2000,64,64,64,3.403818,0.006509,0.114844,46.594116,0.0,50.120066,/home/zhong.zheng/pty-chi/modeling_exp/MI300A/R2000/pie/e6_bs1000.log,50.01,167.79365079365078,80.0,181.0,8408.19,252,/home/zhong.zheng/pty-chi/modeling_exp/MI300A/R2000/pie/e6_bs1000_power.csv,8192000,3.403818,0.121353,3.525171,2,False,819200.0,0.0008192,9.8304,True
MI300A,R4000,ad_ptycho,1,1000,4000,64,64,64,3.847659,0.006797,0.134199,3.523893,0.0,7.513761,/home/zhong.zheng/pty-chi/modeling_exp/MI300A/R4000/ad_ptycho/e1_bs1000.log,7.0,103.70270270270271,80.0,168.0,719.3999999999999,37,/home/zhong.zheng/pty-chi/modeling_exp/MI300A/R4000/ad_ptycho/e1_bs1000_power.csv,16384000,3.847659,0.140996,3.9886550000000005,4,True,1720320.0,0.00172032,6.88128,False
MI300A,R4000,ad_ptycho,2,1000,4000,64,64,64,4.058977,0.006446,0.078734,3.656627,0.0,7.801704,/home/zhong.zheng/pty-chi/modeling_exp/MI300A/R4000/ad_ptycho/e2_bs1000.log,7.41,103.76923076923077,80.0,211.0,763.7,39,/home/zhong.zheng/pty-chi/modeling_exp/MI300A/R4000/ad_ptycho/e2_bs1000_power.csv,16384000,4.058977,0.08518,4.144157,4,False,1720320.0,0.00172032,13.76256,True
MI300A,R4000,ad_ptycho,4,1000,4000,64,64,64,3.723354,0.006618,0.151669,3.903889,0.0,7.786322,/home/zhong.zheng/pty-chi/modeling_exp/MI300A/R4000/ad_ptycho/e4_bs1000.log,7.41,107.12820512820512,80.0,222.0,779.4050000000001,39,/home/zhong.zheng/pty-chi/modeling_exp/MI300A/R4000/ad_ptycho/e4_bs1000_power.csv,16384000,3.723354,0.158287,3.881641,4,False,1720320.0,0.00172032,27.52512,True
MI300A,R4000,ad_ptycho,6,1000,4000,64,64,64,3.766445,0.006562,0.138458,4.155204,0.0,8.067925,/home/zhong.zheng/pty-chi/modeling_exp/MI300A/R4000/ad_ptycho/e6_bs1000.log,7.6,106.05,80.0,230.0,792.1,40,/home/zhong.zheng/pty-chi/modeling_exp/MI300A/R4000/ad_ptycho/e6_bs1000_power.csv,16384000,3.766445,0.14502,3.911465,4,False,1720320.0,0.00172032,41.28768,True
MI300A,R4000,bh,1,1000,4000,64,64,64,3.49995,0.006841,0.07873,6.479207,0.0,10.065961,/home/zhong.zheng/pty-chi/modeling_exp/MI300A/R4000/bh/e1_bs1000.log,9.81,93.6078431372549,80.0,178.0,908.3000000000001,51,/home/zhong.zheng/pty-chi/modeling_exp/MI300A/R4000/bh/e1_bs1000_power.csv,16384000,3.49995,0.085571,3.5855210000000004,4,True,1146880.0,0.00114688,4.58752,False
MI300A,R4000,bh,2,1000,4000,64,64,64,3.487604,0.006936,0.10637,6.601964,0.0,10.203942,/home/zhong.zheng/pty-chi/modeling_exp/MI300A/R4000/bh/e2_bs1000.log,10.0,110.92307692307692,80.0,189.0,1110.7,52,/home/zhong.zheng/pty-chi/modeling_exp/MI300A/R4000/bh/e2_bs1000_power.csv,16384000,3.487604,0.113306,3.6009100000000003,4,False,1146880.0,0.00114688,9.17504,True
MI300A,R4000,bh,4,1000,4000,64,64,64,3.482934,0.006652,0.114456,6.872489,0.0,10.477347,/home/zhong.zheng/pty-chi/modeling_exp/MI300A/R4000/bh/e4_bs1000.log,10.2,95.81132075471699,80.0,222.0,969.3999999999999,53,/home/zhong.zheng/pty-chi/modeling_exp/MI300A/R4000/bh/e4_bs1000_power.csv,16384000,3.482934,0.12110800000000001,3.604042,4,False,1146880.0,0.00114688,18.35008,True
MI300A,R4000,bh,6,1000,4000,64,64,64,3.488855,0.00679,0.119283,7.232286,0.0,10.84799,/home/zhong.zheng/pty-chi/modeling_exp/MI300A/R4000/bh/e6_bs1000.log,10.6,103.14545454545454,80.0,243.0,1076.6999999999998,55,/home/zhong.zheng/pty-chi/modeling_exp/MI300A/R4000/bh/e6_bs1000_power.csv,16384000,3.488855,0.126073,3.614928,4,False,1146880.0,0.00114688,27.52512,True
MI300A,R4000,dm,1,1000,4000,64,64,64,3.497124,0.010451,0.127444,3.489925,0.0,7.126019,/home/zhong.zheng/pty-chi/modeling_exp/MI300A/R4000/dm/e1_bs1000.log,7.0,104.4054054054054,80.0,192.0,719.4999999999999,37,/home/zhong.zheng/pty-chi/modeling_exp/MI300A/R4000/dm/e1_bs1000_power.csv,16384000,3.497124,0.137895,3.6350190000000002,4,True,1474560.0,0.00147456,5.89824,False
MI300A,R4000,dm,2,1000,4000,64,64,64,3.471955,0.010222,0.143993,4.030466,0.0,7.657409,/home/zhong.zheng/pty-chi/modeling_exp/MI300A/R4000/dm/e2_bs1000.log,7.4,103.66666666666667,80.0,183.0,766.3000000000001,39,/home/zhong.zheng/pty-chi/modeling_exp/MI300A/R4000/dm/e2_bs1000_power.csv,16384000,3.471955,0.15421500000000002,3.62617,4,False,1474560.0,0.00147456,11.79648,True
MI300A,R4000,dm,4,1000,4000,64,64,64,3.776865,0.010414,0.13311,4.315552,0.0,8.236806,/home/zhong.zheng/pty-chi/modeling_exp/MI300A/R4000/dm/e4_bs1000.log,8.0,103.5,80.0,220.0,813.8000000000001,42,/home/zhong.zheng/pty-chi/modeling_exp/MI300A/R4000/dm/e4_bs1000_power.csv,16384000,3.776865,0.143524,3.9203889999999997,4,False,1474560.0,0.00147456,23.59296,True
MI300A,R4000,dm,6,1000,4000,64,64,64,3.51031,0.010603,0.11406,4.552349,0.0,8.188408,/home/zhong.zheng/pty-chi/modeling_exp/MI300A/R4000/dm/e6_bs1000.log,8.0,108.35714285714286,80.0,230.0,853.0000000000001,42,/home/zhong.zheng/pty-chi/modeling_exp/MI300A/R4000/dm/e6_bs1000_power.csv,16384000,3.51031,0.124663,3.634973,4,False,1474560.0,0.00147456,35.38944,True
MI300A,R4000,lsqml,1,1000,4000,64,64,64,3.52358,0.006526,0.078057,3.4401,0.0,7.049011,/home/zhong.zheng/pty-chi/modeling_exp/MI300A/R4000/lsqml/e1_bs1000.log,6.81,99.52777777777777,80.0,181.0,674.9550000000002,36,/home/zhong.zheng/pty-chi/modeling_exp/MI300A/R4000/lsqml/e1_bs1000_power.csv,16384000,3.52358,0.084583,3.608163,4,True,983040.0,0.00098304,3.93216,False
MI300A,R4000,lsqml,2,1000,4000,64,64,64,3.500992,0.006711,0.126561,3.75546,0.0,7.390574,/home/zhong.zheng/pty-chi/modeling_exp/MI300A/R4000/lsqml/e2_bs1000.log,7.2,103.84210526315789,80.0,188.0,737.4000000000003,38,/home/zhong.zheng/pty-chi/modeling_exp/MI300A/R4000/lsqml/e2_bs1000_power.csv,16384000,3.500992,0.133272,3.6342640000000004,4,False,983040.0,0.00098304,7.86432,True
MI300A,R4000,lsqml,4,1000,4000,64,64,64,3.74527,0.006754,0.13285,4.006714,0.0,7.892638,/home/zhong.zheng/pty-chi/modeling_exp/MI300A/R4000/lsqml/e4_bs1000.log,7.41,106.05128205128206,80.0,219.0,771.9100000000001,39,/home/zhong.zheng/pty-chi/modeling_exp/MI300A/R4000/lsqml/e4_bs1000_power.csv,16384000,3.74527,0.139604,3.884874,4,False,983040.0,0.00098304,15.72864,True
MI300A,R4000,lsqml,6,1000,4000,64,64,64,3.501156,0.007094,0.088149,4.29806,0.0,7.895247,/home/zhong.zheng/pty-chi/modeling_exp/MI300A/R4000/lsqml/e6_bs1000.log,7.6,108.95,80.0,226.0,824.9999999999998,40,/home/zhong.zheng/pty-chi/modeling_exp/MI300A/R4000/lsqml/e6_bs1000_power.csv,16384000,3.501156,0.09524300000000001,3.596399,4,False,983040.0,0.00098304,23.59296,True
MI300A,R4000,pie,1,1000,4000,64,64,64,3.505688,0.006644,0.140587,19.013959,0.0,22.668217,/home/zhong.zheng/pty-chi/modeling_exp/MI300A/R4000/pie/e1_bs1000.log,22.41,152.85087719298247,80.0,185.0,3436.1949999999997,114,/home/zhong.zheng/pty-chi/modeling_exp/MI300A/R4000/pie/e1_bs1000_power.csv,16384000,3.505688,0.147231,3.6529190000000002,4,True,819200.0,0.0008192,3.2768,False
MI300A,R4000,pie,2,1000,4000,64,64,64,3.989509,0.006466,0.146164,34.668011,0.0,38.81127,/home/zhong.zheng/pty-chi/modeling_exp/MI300A/R4000/pie/e2_bs1000.log,38.01,163.36979166666666,80.0,185.0,6220.9,192,/home/zhong.zheng/pty-chi/modeling_exp/MI300A/R4000/pie/e2_bs1000_power.csv,16384000,3.989509,0.15263,4.142139,4,False,819200.0,0.0008192,6.5536,True
MI300A,R4000,pie,4,1000,4000,64,64,64,3.99269,0.006464,0.132753,65.548794,0.0,69.681712,/home/zhong.zheng/pty-chi/modeling_exp/MI300A/R4000/pie/e4_bs1000.log,69.22,171.11494252873564,80.0,192.0,11861.6,348,/home/zhong.zheng/pty-chi/modeling_exp/MI300A/R4000/pie/e4_bs1000_power.csv,16384000,3.99269,0.139217,4.131907,4,False,819200.0,0.0008192,13.1072,True
MI300A,R4000,pie,6,1000,4000,64,64,64,3.730273,0.006782,0.143633,89.573563,0.0,93.455377,/home/zhong.zheng/pty-chi/modeling_exp/MI300A/R4000/pie/e6_bs1000.log,93.22,174.09188034188034,80.0,191.0,16246.1,468,/home/zhong.zheng/pty-chi/modeling_exp/MI300A/R4000/pie/e6_bs1000_power.csv,16384000,3.730273,0.15041500000000002,3.8806879999999997,4,False,819200.0,0.0008192,19.6608,True
MI300A,R8000,ad_ptycho,1,1000,8000,64,64,64,3.712822,0.006823,0.085939,3.718373,0.0,7.525159,/home/zhong.zheng/pty-chi/modeling_exp/MI300A/R8000/ad_ptycho/e1_bs1000.log,7.4,106.82051282051282,80.0,200.0,779.0,39,/home/zhong.zheng/pty-chi/modeling_exp/MI300A/R8000/ad_ptycho/e1_bs1000_power.csv,32768000,3.712822,0.092762,3.805584,8,True,1720320.0,0.00172032,13.76256,False
MI300A,R8000,ad_ptycho,2,1000,8000,64,64,64,3.738629,0.006747,0.14031,3.981807,0.0,7.86838,/home/zhong.zheng/pty-chi/modeling_exp/MI300A/R8000/ad_ptycho/e2_bs1000.log,7.6,105.275,80.0,201.0,790.3,40,/home/zhong.zheng/pty-chi/modeling_exp/MI300A/R8000/ad_ptycho/e2_bs1000_power.csv,32768000,3.738629,0.147057,3.8856859999999998,8,False,1720320.0,0.00172032,27.52512,True
MI300A,R8000,ad_ptycho,4,1000,8000,64,64,64,3.898243,0.006684,0.079125,4.48195,0.0,8.466826,/home/zhong.zheng/pty-chi/modeling_exp/MI300A/R8000/ad_ptycho/e4_bs1000.log,8.0,114.23809523809524,80.0,232.0,902.5000000000001,42,/home/zhong.zheng/pty-chi/modeling_exp/MI300A/R8000/ad_ptycho/e4_bs1000_power.csv,32768000,3.898243,0.085809,3.9840519999999997,8,False,1720320.0,0.00172032,55.05024,True
MI300A,R8000,ad_ptycho,6,1000,8000,64,64,64,3.939318,0.006676,0.080794,5.019157,0.0,9.047071,/home/zhong.zheng/pty-chi/modeling_exp/MI300A/R8000/ad_ptycho/e6_bs1000.log,8.6,123.31111111111112,80.0,235.0,1055.0,45,/home/zhong.zheng/pty-chi/modeling_exp/MI300A/R8000/ad_ptycho/e6_bs1000_power.csv,32768000,3.939318,0.08747,4.026788,8,False,1720320.0,0.00172032,82.57536,True
MI300A,R8000,bh,1,1000,8000,64,64,64,3.684023,0.006687,0.128983,6.667825,0.0,10.488357,/home/zhong.zheng/pty-chi/modeling_exp/MI300A/R8000/bh/e1_bs1000.log,10.2,98.75471698113208,80.0,195.0,1007.4999999999999,53,/home/zhong.zheng/pty-chi/modeling_exp/MI300A/R8000/bh/e1_bs1000_power.csv,32768000,3.684023,0.13566999999999999,3.8196929999999996,8,True,1146880.0,0.00114688,9.17504,False
MI300A,R8000,bh,2,1000,8000,64,64,64,3.691671,0.006508,0.145034,6.923064,0.0,10.767503,/home/zhong.zheng/pty-chi/modeling_exp/MI300A/R8000/bh/e2_bs1000.log,10.6,102.94545454545455,80.0,233.0,1074.6,55,/home/zhong.zheng/pty-chi/modeling_exp/MI300A/R8000/bh/e2_bs1000_power.csv,32768000,3.691671,0.151542,3.843213,8,False,1146880.0,0.00114688,18.35008,True
MI300A,R8000,bh,4,1000,8000,64,64,64,3.675672,0.007037,0.096571,7.375797,0.0,11.156069,/home/zhong.zheng/pty-chi/modeling_exp/MI300A/R8000/bh/e4_bs1000.log,11.0,107.57894736842105,80.0,249.0,1170.1000000000001,57,/home/zhong.zheng/pty-chi/modeling_exp/MI300A/R8000/bh/e4_bs1000_power.csv,32768000,3.675672,0.103608,3.77928,8,False,1146880.0,0.00114688,36.70016,True
MI300A,R8000,bh,6,1000,8000,64,64,64,3.681046,0.006707,0.137211,7.812283,0.0,11.638084,/home/zhong.zheng/pty-chi/modeling_exp/MI300A/R8000/bh/e6_bs1000.log,11.4,114.45762711864407,80.0,249.0,1292.1000000000001,59,/home/zhong.zheng/pty-chi/modeling_exp/MI300A/R8000/bh/e6_bs1000_power.csv,32768000,3.681046,0.143918,3.824964,8,False,1146880.0,0.00114688,55.05024,True
MI300A,R8000,dm,1,1000,8000,64,64,64,3.927374,0.013965,0.0841,4.112092,0.0,8.138687,/home/zhong.zheng/pty-chi/modeling_exp/MI300A/R8000/dm/e1_bs1000.log,8.0,103.07142857142857,80.0,204.0,810.3000000000002,42,/home/zhong.zheng/pty-chi/modeling_exp/MI300A/R8000/dm/e1_bs1000_power.csv,32768000,3.927374,0.098065,4.0254389999999995,8,True,1474560.0,0.00147456,11.79648,False
MI300A,R8000,dm,2,1000,8000,64,64,64,4.143552,0.013478,0.082349,4.39511,0.0,8.63538,/home/zhong.zheng/pty-chi/modeling_exp/MI300A/R8000/dm/e2_bs1000.log,8.2,99.32558139534883,80.0,198.0,812.3999999999999,43,/home/zhong.zheng/pty-chi/modeling_exp/MI300A/R8000/dm/e2_bs1000_power.csv,32768000,4.143552,0.09582700000000001,4.239379,8,False,1474560.0,0.00147456,23.59296,True
MI300A,R8000,dm,4,1000,8000,64,64,64,3.687207,0.013207,0.131724,4.837754,0.0,8.670813,/home/zhong.zheng/pty-chi/modeling_exp/MI300A/R8000/dm/e4_bs1000.log,8.4,116.27272727272727,80.0,224.0,966.6000000000001,44,/home/zhong.zheng/pty-chi/modeling_exp/MI300A/R8000/dm/e4_bs1000_power.csv,32768000,3.687207,0.144931,3.832138,8,False,1474560.0,0.00147456,47.18592,True
MI300A,R8000,dm,6,1000,8000,64,64,64,3.698826,0.013824,0.080326,5.692386,0.0,9.48675,/home/zhong.zheng/pty-chi/modeling_exp/MI300A/R8000/dm/e6_bs1000.log,9.2,113.8125,80.0,240.0,1036.1000000000001,48,/home/zhong.zheng/pty-chi/modeling_exp/MI300A/R8000/dm/e6_bs1000_power.csv,32768000,3.698826,0.09415,3.792976,8,False,1474560.0,0.00147456,70.77888,True
MI300A,R8000,lsqml,1,1000,8000,64,64,64,3.678363,0.006727,0.094127,3.618837,0.0,7.398899,/home/zhong.zheng/pty-chi/modeling_exp/MI300A/R8000/lsqml/e1_bs1000.log,7.2,99.36842105263158,80.0,195.0,715.0,38,/home/zhong.zheng/pty-chi/modeling_exp/MI300A/R8000/lsqml/e1_bs1000_power.csv,32768000,3.678363,0.100854,3.779217,8,True,983040.0,0.00098304,7.86432,False
MI300A,R8000,lsqml,2,1000,8000,64,64,64,3.676796,0.00669,0.123638,3.968441,0.0,7.776307,/home/zhong.zheng/pty-chi/modeling_exp/MI300A/R8000/lsqml/e2_bs1000.log,7.6,107.225,80.0,206.0,803.5999999999999,40,/home/zhong.zheng/pty-chi/modeling_exp/MI300A/R8000/lsqml/e2_bs1000_power.csv,32768000,3.676796,0.130328,3.807124,8,False,983040.0,0.00098304,15.72864,True
MI300A,R8000,lsqml,4,1000,8000,64,64,64,3.70459,0.007066,0.091174,4.616587,0.0,8.420534,/home/zhong.zheng/pty-chi/modeling_exp/MI300A/R8000/lsqml/e4_bs1000.log,8.2,113.16279069767442,80.0,230.0,916.6999999999998,43,/home/zhong.zheng/pty-chi/modeling_exp/MI300A/R8000/lsqml/e4_bs1000_power.csv,32768000,3.70459,0.09824000000000001,3.80283,8,False,983040.0,0.00098304,31.45728,True
MI300A,R8000,lsqml,6,1000,8000,64,64,64,3.893704,0.006628,0.07957,5.147064,0.0,9.127812,/home/zhong.zheng/pty-chi/modeling_exp/MI300A/R8000/lsqml/e6_bs1000.log,9.01,120.65957446808511,80.0,240.0,1079.0099999999998,47,/home/zhong.zheng/pty-chi/modeling_exp/MI300A/R8000/lsqml/e6_bs1000_power.csv,32768000,3.893704,0.086198,3.979902,8,False,983040.0,0.00098304,47.18592,True
MI300A,R8000,pie,1,1000,8000,64,64,64,3.702718,0.006748,0.102097,34.355289,0.0,38.169785,/home/zhong.zheng/pty-chi/modeling_exp/MI300A/R8000/pie/e1_bs1000.log,38.01,165.03645833333334,80.0,195.0,6287.0,192,/home/zhong.zheng/pty-chi/modeling_exp/MI300A/R8000/pie/e1_bs1000_power.csv,32768000,3.702718,0.108845,3.811563,8,True,819200.0,0.0008192,6.5536,False
MI300A,R8000,pie,2,1000,8000,64,64,64,3.734275,0.006688,0.12237,60.94426,0.0,64.808541,/home/zhong.zheng/pty-chi/modeling_exp/MI300A/R8000/pie/e2_bs1000.log,64.62,171.2,80.0,190.0,11079.620000000003,325,/home/zhong.zheng/pty-chi/modeling_exp/MI300A/R8000/pie/e2_bs1000_power.csv,32768000,3.734275,0.129058,3.863333,8,False,819200.0,0.0008192,13.1072,True
MI300A,R8000,pie,4,1000,8000,64,64,64,3.932432,0.006814,0.136166,119.046271,0.0,123.122752,/home/zhong.zheng/pty-chi/modeling_exp/MI300A/R8000/pie/e4_bs1000.log,122.83,175.7012987012987,80.0,193.0,21599.515,616,/home/zhong.zheng/pty-chi/modeling_exp/MI300A/R8000/pie/e4_bs1000_power.csv,32768000,3.932432,0.14298,4.075412,8,False,819200.0,0.0008192,26.2144,True
MI300A,R8000,pie,6,1000,8000,64,64,64,3.733081,0.006708,0.08376,176.357439,0.0,180.182296,/home/zhong.zheng/pty-chi/modeling_exp/MI300A/R8000/pie/e6_bs1000.log,180.04,177.11308203991132,80.0,195.0,31905.01,902,/home/zhong.zheng/pty-chi/modeling_exp/MI300A/R8000/pie/e6_bs1000_power.csv,32768000,3.733081,0.090468,3.823549,8,False,819200.0,0.0008192,39.3216,True
MI300X,R1000,ad_ptycho,1,1000,1000,64,64,64,3.179775,0.004706,0.061276,3.19989,0.0,6.446363,/home/zhong.zheng/pty-chi/modeling_exp/MI300X/R1000/ad_ptycho/e1_bs1000.log,6.2,134.96969696969697,125.0,198.0,840.1,33,/home/zhong.zheng/pty-chi/modeling_exp/MI300X/R1000/ad_ptycho/e1_bs1000_power.csv,4096000,3.179775,0.065982,3.245757,1,True,1720320.0,0.00172032,1.72032,False
MI300X,R1000,ad_ptycho,2,1000,1000,64,64,64,3.176633,0.004631,0.060527,3.225723,0.0,6.467993,/home/zhong.zheng/pty-chi/modeling_exp/MI300X/R1000/ad_ptycho/e2_bs1000.log,6.2,134.63636363636363,125.0,196.0,837.8,33,/home/zhong.zheng/pty-chi/modeling_exp/MI300X/R1000/ad_ptycho/e2_bs1000_power.csv,4096000,3.176633,0.065158,3.2417909999999996,1,False,1720320.0,0.00172032,3.44064,True
MI300X,R1000,ad_ptycho,4,1000,1000,64,64,64,3.184358,0.004663,0.060559,3.29813,0.0,6.54819,/home/zhong.zheng/pty-chi/modeling_exp/MI300X/R1000/ad_ptycho/e4_bs1000.log,6.4,136.44117647058823,125.0,205.0,868.3,34,/home/zhong.zheng/pty-chi/modeling_exp/MI300X/R1000/ad_ptycho/e4_bs1000_power.csv,4096000,3.184358,0.065222,3.24958,1,False,1720320.0,0.00172032,6.88128,True
MI300X,R1000,ad_ptycho,6,1000,1000,64,64,64,3.403515,0.00475,0.062502,3.360302,0.0,6.831626,/home/zhong.zheng/pty-chi/modeling_exp/MI300X/R1000/ad_ptycho/e6_bs1000.log,6.6,135.97142857142856,125.0,197.0,895.6999999999999,35,/home/zhong.zheng/pty-chi/modeling_exp/MI300X/R1000/ad_ptycho/e6_bs1000_power.csv,4096000,3.403515,0.067252,3.470767,1,False,1720320.0,0.00172032,10.32192,True
MI300X,R1000,bh,1,1000,1000,64,64,64,3.174279,0.004665,0.063033,6.085961,0.0,9.328427,/home/zhong.zheng/pty-chi/modeling_exp/MI300X/R1000/bh/e1_bs1000.log,9.2,134.375,124.0,195.0,1236.8999999999996,48,/home/zhong.zheng/pty-chi/modeling_exp/MI300X/R1000/bh/e1_bs1000_power.csv,4096000,3.174279,0.06769800000000001,3.241977,1,True,1146880.0,0.00114688,1.14688,False
MI300X,R1000,bh,2,1000,1000,64,64,64,3.185365,0.004662,0.061543,6.118906,0.0,9.371219,/home/zhong.zheng/pty-chi/modeling_exp/MI300X/R1000/bh/e2_bs1000.log,9.2,134.1875,125.0,196.0,1235.1,48,/home/zhong.zheng/pty-chi/modeling_exp/MI300X/R1000/bh/e2_bs1000_power.csv,4096000,3.185365,0.066205,3.25157,1,False,1146880.0,0.00114688,2.29376,True
MI300X,R1000,bh,4,1000,1000,64,64,64,3.175443,0.00473,0.061683,6.193878,0.0,9.436198,/home/zhong.zheng/pty-chi/modeling_exp/MI300X/R1000/bh/e4_bs1000.log,9.2,133.66666666666666,125.0,197.0,1229.8999999999996,48,/home/zhong.zheng/pty-chi/modeling_exp/MI300X/R1000/bh/e4_bs1000_power.csv,4096000,3.175443,0.066413,3.241856,1,False,1146880.0,0.00114688,4.58752,True
MI300X,R1000,bh,6,1000,1000,64,64,64,3.255457,0.004732,0.062356,6.244406,0.0,9.567469,/home/zhong.zheng/pty-chi/modeling_exp/MI300X/R1000/bh/e6_bs1000.log,9.4,134.10204081632654,125.0,225.0,1253.6000000000001,49,/home/zhong.zheng/pty-chi/modeling_exp/MI300X/R1000/bh/e6_bs1000_power.csv,4096000,3.255457,0.06708800000000001,3.322545,1,False,1146880.0,0.00114688,6.88128,True
MI300X,R1000,dm,1,1000,1000,64,64,64,3.221242,0.005314,0.061667,3.172683,0.0,6.461387,/home/zhong.zheng/pty-chi/modeling_exp/MI300X/R1000/dm/e1_bs1000.log,6.2,135.75757575757575,126.0,199.0,844.4,33,/home/zhong.zheng/pty-chi/modeling_exp/MI300X/R1000/dm/e1_bs1000_power.csv,4096000,3.221242,0.066981,3.288223,1,True,1474560.0,0.00147456,1.47456,False
MI300X,R1000,dm,2,1000,1000,64,64,64,3.225782,0.0053,0.061375,3.220023,0.0,6.513419,/home/zhong.zheng/pty-chi/modeling_exp/MI300X/R1000/dm/e2_bs1000.log,6.4,136.88235294117646,125.0,198.0,874.3000000000001,34,/home/zhong.zheng/pty-chi/modeling_exp/MI300X/R1000/dm/e2_bs1000_power.csv,4096000,3.225782,0.066675,3.292457,1,False,1474560.0,0.00147456,2.94912,True
MI300X,R1000,dm,4,1000,1000,64,64,64,3.210589,0.005219,0.062293,3.294386,0.0,6.573038,/home/zhong.zheng/pty-chi/modeling_exp/MI300X/R1000/dm/e4_bs1000.log,6.4,136.0,125.0,197.0,868.8000000000001,34,/home/zhong.zheng/pty-chi/modeling_exp/MI300X/R1000/dm/e4_bs1000_power.csv,4096000,3.210589,0.067512,3.278101,1,False,1474560.0,0.00147456,5.89824,True
MI300X,R1000,dm,6,1000,1000,64,64,64,3.191682,0.005141,0.060154,3.356317,0.0,6.613756,/home/zhong.zheng/pty-chi/modeling_exp/MI300X/R1000/dm/e6_bs1000.log,6.4,136.52941176470588,125.0,203.0,869.4,34,/home/zhong.zheng/pty-chi/modeling_exp/MI300X/R1000/dm/e6_bs1000_power.csv,4096000,3.191682,0.06529499999999999,3.256977,1,False,1474560.0,0.00147456,8.84736,True
MI300X,R1000,lsqml,1,1000,1000,64,64,64,3.190372,0.00473,0.061161,3.160489,0.0,6.41721,/home/zhong.zheng/pty-chi/modeling_exp/MI300X/R1000/lsqml/e1_bs1000.log,6.2,134.93939393939394,125.0,199.0,838.1000000000001,33,/home/zhong.zheng/pty-chi/modeling_exp/MI300X/R1000/lsqml/e1_bs1000_power.csv,4096000,3.190372,0.065891,3.2562629999999997,1,True,983040.0,0.00098304,0.98304,False
MI300X,R1000,lsqml,2,1000,1000,64,64,64,3.204049,0.004723,0.063643,3.328414,0.0,6.601613,/home/zhong.zheng/pty-chi/modeling_exp/MI300X/R1000/lsqml/e2_bs1000.log,6.4,136.0,125.0,197.0,868.8000000000001,34,/home/zhong.zheng/pty-chi/modeling_exp/MI300X/R1000/lsqml/e2_bs1000_power.csv,4096000,3.204049,0.06836600000000001,3.2724149999999996,1,False,983040.0,0.00098304,1.96608,True
MI300X,R1000,lsqml,4,1000,1000,64,64,64,3.192235,0.004701,0.061642,3.322573,0.0,6.581603,/home/zhong.zheng/pty-chi/modeling_exp/MI300X/R1000/lsqml/e4_bs1000.log,6.4,137.41176470588235,125.0,199.0,876.6000000000001,34,/home/zhong.zheng/pty-chi/modeling_exp/MI300X/R1000/lsqml/e4_bs1000_power.csv,4096000,3.192235,0.066343,3.258578,1,False,983040.0,0.00098304,3.93216,True
MI300X,R1000,lsqml,6,1000,1000,64,64,64,3.184412,0.004696,0.061929,3.381177,0.0,6.632764,/home/zhong.zheng/pty-chi/modeling_exp/MI300X/R1000/lsqml/e6_bs1000.log,6.4,136.55882352941177,125.0,198.0,871.1,34,/home/zhong.zheng/pty-chi/modeling_exp/MI300X/R1000/lsqml/e6_bs1000_power.csv,4096000,3.184412,0.066625,3.251037,1,False,983040.0,0.00098304,5.89824,True
MI300X,R1000,pie,1,1000,1000,64,64,64,3.194767,0.004714,0.061429,7.491613,0.0,10.753361,/home/zhong.zheng/pty-chi/modeling_exp/MI300X/R1000/pie/e1_bs1000.log,10.6,166.6727272727273,125.0,217.0,1773.6,55,/home/zhong.zheng/pty-chi/modeling_exp/MI300X/R1000/pie/e1_bs1000_power.csv,4096000,3.194767,0.066143,3.26091,1,True,819200.0,0.0008192,0.8192,False
MI300X,R1000,pie,2,1000,1000,64,64,64,3.182918,0.004664,0.06087,11.869266,0.0,15.118211,/home/zhong.zheng/pty-chi/modeling_exp/MI300X/R1000/pie/e2_bs1000.log,15.01,180.96103896103895,125.0,217.0,2728.865,77,/home/zhong.zheng/pty-chi/modeling_exp/MI300X/R1000/pie/e2_bs1000_power.csv,4096000,3.182918,0.065534,3.248452,1,False,819200.0,0.0008192,1.6384,True
MI300X,R1000,pie,4,1000,1000,64,64,64,3.197298,0.004684,0.061928,20.737525,0.0,24.001911,/home/zhong.zheng/pty-chi/modeling_exp/MI300X/R1000/pie/e4_bs1000.log,23.81,194.36363636363637,125.0,222.0,4645.57,121,/home/zhong.zheng/pty-chi/modeling_exp/MI300X/R1000/pie/e4_bs1000_power.csv,4096000,3.197298,0.06661199999999999,3.26391,1,False,819200.0,0.0008192,3.2768,True
MI300X,R1000,pie,6,1000,1000,64,64,64,3.204205,0.004667,0.06208,29.575361,0.0,32.847096,/home/zhong.zheng/pty-chi/modeling_exp/MI300X/R1000/pie/e6_bs1000.log,32.61,200.79393939393938,125.0,223.0,6568.17,165,/home/zhong.zheng/pty-chi/modeling_exp/MI300X/R1000/pie/e6_bs1000_power.csv,4096000,3.204205,0.066747,3.270952,1,False,819200.0,0.0008192,4.9152,True
MI300X,R12000,ad_ptycho,1,1000,12000,64,64,64,3.68196,0.004862,0.068029,3.702292,0.0,7.457819,/home/zhong.zheng/pty-chi/modeling_exp/MI300X/R12000/ad_ptycho/e1_bs1000.log,7.2,141.28947368421052,125.0,246.0,1011.9000000000001,38,/home/zhong.zheng/pty-chi/modeling_exp/MI300X/R12000/ad_ptycho/e1_bs1000_power.csv,49152000,3.68196,0.07289100000000001,3.7548510000000004,12,True,1720320.0,0.00172032,20.64384,False
MI300X,R12000,ad_ptycho,2,1000,12000,64,64,64,3.662244,0.004891,0.067201,4.027485,0.0,7.762402,/home/zhong.zheng/pty-chi/modeling_exp/MI300X/R12000/ad_ptycho/e2_bs1000.log,7.6,149.975,125.0,292.0,1133.1,40,/home/zhong.zheng/pty-chi/modeling_exp/MI300X/R12000/ad_ptycho/e2_bs1000_power.csv,49152000,3.662244,0.072092,3.734336,12,False,1720320.0,0.00172032,41.28768,True
MI300X,R12000,ad_ptycho,4,1000,12000,64,64,64,3.653006,0.004936,0.067526,4.809664,0.0,8.536062,/home/zhong.zheng/pty-chi/modeling_exp/MI300X/R12000/ad_ptycho/e4_bs1000.log,8.4,159.70454545454547,125.0,294.0,1338.7999999999997,44,/home/zhong.zheng/pty-chi/modeling_exp/MI300X/R12000/ad_ptycho/e4_bs1000_power.csv,49152000,3.653006,0.072462,3.725468,12,False,1720320.0,0.00172032,82.57536,True
MI300X,R12000,ad_ptycho,6,1000,12000,64,64,64,3.673765,0.004878,0.067359,5.517683,0.0,9.264159,/home/zhong.zheng/pty-chi/modeling_exp/MI300X/R12000/ad_ptycho/e6_bs1000.log,9.0,166.31914893617022,125.0,296.0,1498.5,47,/home/zhong.zheng/pty-chi/modeling_exp/MI300X/R12000/ad_ptycho/e6_bs1000_power.csv,49152000,3.673765,0.072237,3.7460020000000003,12,False,1720320.0,0.00172032,123.86304,True
MI300X,R12000,bh,1,1000,12000,64,64,64,3.655928,0.004877,0.06655,6.798817,0.0,10.527048,/home/zhong.zheng/pty-chi/modeling_exp/MI300X/R12000/bh/e1_bs1000.log,10.4,140.14814814814815,125.0,273.0,1448.5,54,/home/zhong.zheng/pty-chi/modeling_exp/MI300X/R12000/bh/e1_bs1000_power.csv,49152000,3.655928,0.071427,3.7273549999999998,12,True,1146880.0,0.00114688,13.76256,False
MI300X,R12000,bh,2,1000,12000,64,64,64,3.666755,0.004766,0.067926,6.932687,0.0,10.6727,/home/zhong.zheng/pty-chi/modeling_exp/MI300X/R12000/bh/e2_bs1000.log,10.41,144.96296296296296,125.0,288.0,1499.3,54,/home/zhong.zheng/pty-chi/modeling_exp/MI300X/R12000/bh/e2_bs1000_power.csv,49152000,3.666755,0.072692,3.739447,12,False,1146880.0,0.00114688,27.52512,True
MI300X,R12000,bh,4,1000,12000,64,64,64,3.668939,0.004855,0.066939,7.795377,0.0,11.536822,/home/zhong.zheng/pty-chi/modeling_exp/MI300X/R12000/bh/e4_bs1000.log,11.21,150.77586206896552,125.0,290.0,1688.755,58,/home/zhong.zheng/pty-chi/modeling_exp/MI300X/R12000/bh/e4_bs1000_power.csv,49152000,3.668939,0.071794,3.740733,12,False,1146880.0,0.00114688,55.05024,True
MI300X,R12000,bh,6,1000,12000,64,64,64,3.665967,0.004846,0.068031,8.78481,0.0,12.524451,/home/zhong.zheng/pty-chi/modeling_exp/MI300X/R12000/bh/e6_bs1000.log,12.21,158.42857142857142,125.0,303.0,1933.7000000000003,63,/home/zhong.zheng/pty-chi/modeling_exp/MI300X/R12000/bh/e6_bs1000_power.csv,49152000,3.665967,0.072877,3.7388440000000003,12,False,1146880.0,0.00114688,82.57536,True
MI300X,R12000,dm,1,1000,12000,64,64,64,3.71273,0.01359,0.06843,3.813766,0.0,7.609412,/home/zhong.zheng/pty-chi/modeling_exp/MI300X/R12000/dm/e1_bs1000.log,7.41,145.64102564102564,127.0,314.0,1066.4999999999998,39,/home/zhong.zheng/pty-chi/modeling_exp/MI300X/R12000/dm/e1_bs1000_power.csv,49152000,3.71273,0.08202000000000001,3.7947500000000005,12,True,1474560.0,0.00147456,17.69472,False
MI300X,R12000,dm,2,1000,12000,64,64,64,3.647365,0.012974,0.069356,4.197706,0.0,7.92794,/home/zhong.zheng/pty-chi/modeling_exp/MI300X/R12000/dm/e2_bs1000.log,7.8,153.73170731707316,126.0,336.0,1188.8999999999999,41,/home/zhong.zheng/pty-chi/modeling_exp/MI300X/R12000/dm/e2_bs1000_power.csv,49152000,3.647365,0.08233,3.729695,12,False,1474560.0,0.00147456,35.38944,True
MI300X,R12000,dm,4,1000,12000,64,64,64,3.653212,0.013259,0.069407,5.013458,0.0,8.749832,/home/zhong.zheng/pty-chi/modeling_exp/MI300X/R12000/dm/e4_bs1000.log,8.61,162.15555555555557,126.0,324.0,1389.8,45,/home/zhong.zheng/pty-chi/modeling_exp/MI300X/R12000/dm/e4_bs1000_power.csv,49152000,3.653212,0.08266599999999999,3.735878,12,False,1474560.0,0.00147456,70.77888,True
MI300X,R12000,dm,6,1000,12000,64,64,64,3.69439,0.01369,0.070478,5.987668,0.0,9.76677,/home/zhong.zheng/pty-chi/modeling_exp/MI300X/R12000/dm/e6_bs1000.log,9.4,168.46938775510205,126.0,347.0,1593.6000000000001,49,/home/zhong.zheng/pty-chi/modeling_exp/MI300X/R12000/dm/e6_bs1000_power.csv,49152000,3.69439,0.08416799999999999,3.778558,12,False,1474560.0,0.00147456,106.16832,True
MI300X,R12000,lsqml,1,1000,12000,64,64,64,3.693689,0.004901,0.071217,3.616081,0.0,7.386742,/home/zhong.zheng/pty-chi/modeling_exp/MI300X/R12000/lsqml/e1_bs1000.log,7.2,140.81578947368422,125.0,244.0,1011.5000000000001,38,/home/zhong.zheng/pty-chi/modeling_exp/MI300X/R12000/lsqml/e1_bs1000_power.csv,49152000,3.693689,0.076118,3.7698069999999997,12,True,983040.0,0.00098304,11.79648,False
MI300X,R12000,lsqml,2,1000,12000,64,64,64,3.724435,0.00524,0.073843,4.025453,0.0,7.829697,/home/zhong.zheng/pty-chi/modeling_exp/MI300X/R12000/lsqml/e2_bs1000.log,7.6,145.8,125.0,272.0,1101.3999999999999,40,/home/zhong.zheng/pty-chi/modeling_exp/MI300X/R12000/lsqml/e2_bs1000_power.csv,49152000,3.724435,0.079083,3.8035180000000004,12,False,983040.0,0.00098304,23.59296,True
MI300X,R12000,lsqml,4,1000,12000,64,64,64,3.651671,0.004898,0.068214,4.956856,0.0,8.682168,/home/zhong.zheng/pty-chi/modeling_exp/MI300X/R12000/lsqml/e4_bs1000.log,8.4,158.70454545454547,125.0,294.0,1331.1000000000001,44,/home/zhong.zheng/pty-chi/modeling_exp/MI300X/R12000/lsqml/e4_bs1000_power.csv,49152000,3.651671,0.073112,3.7247829999999995,12,False,983040.0,0.00098304,47.18592,True
MI300X,R12000,lsqml,6,1000,12000,64,64,64,3.68942,0.00488,0.067598,5.763761,0.0,9.526114,/home/zhong.zheng/pty-chi/modeling_exp/MI300X/R12000/lsqml/e6_bs1000.log,9.4,169.6122448979592,125.0,291.0,1595.3000000000002,49,/home/zhong.zheng/pty-chi/modeling_exp/MI300X/R12000/lsqml/e6_bs1000_power.csv,49152000,3.68942,0.072478,3.761898,12,False,983040.0,0.00098304,70.77888,True
MI300X,R12000,pie,1,1000,12000,64,64,64,3.662934,0.004857,0.067756,55.347038,0.0,59.083533,/home/zhong.zheng/pty-chi/modeling_exp/MI300X/R12000/pie/e1_bs1000.log,58.82,211.7060810810811,125.0,244.0,12477.52,296,/home/zhong.zheng/pty-chi/modeling_exp/MI300X/R12000/pie/e1_bs1000_power.csv,49152000,3.662934,0.072613,3.735547,12,True,819200.0,0.0008192,9.8304,False
MI300X,R12000,pie,2,1000,12000,64,64,64,3.669896,0.004779,0.067607,107.479739,0.0,111.22283,/home/zhong.zheng/pty-chi/modeling_exp/MI300X/R12000/pie/e2_bs1000.log,111.05,218.5763016157989,126.0,246.0,24300.18,557,/home/zhong.zheng/pty-chi/modeling_exp/MI300X/R12000/pie/e2_bs1000_power.csv,49152000,3.669896,0.072386,3.7422820000000003,12,False,819200.0,0.0008192,19.6608,True
MI300X,R12000,pie,4,1000,12000,64,64,64,3.6822,0.004968,0.0679,209.552404,0.0,213.308443,/home/zhong.zheng/pty-chi/modeling_exp/MI300X/R12000/pie/e4_bs1000.log,213.1,222.47985004686035,126.0,251.0,47436.78999999999,1067,/home/zhong.zheng/pty-chi/modeling_exp/MI300X/R12000/pie/e4_bs1000_power.csv,49152000,3.6822,0.072868,3.7550679999999996,12,False,819200.0,0.0008192,39.3216,True
MI300X,R12000,pie,6,1000,12000,64,64,64,3.67693,0.004874,0.068591,303.347253,0.0,307.098535,/home/zhong.zheng/pty-chi/modeling_exp/MI300X/R12000/pie/e6_bs1000.log,306.93,224.13346354166666,127.0,252.0,68822.445,1536,/home/zhong.zheng/pty-chi/modeling_exp/MI300X/R12000/pie/e6_bs1000_power.csv,49152000,3.67693,0.073465,3.750395,12,False,819200.0,0.0008192,58.9824,True
MI300X,R2000,ad_ptycho,1,1000,2000,64,64,64,3.225976,0.004747,0.060725,3.239744,0.0,6.531806,/home/zhong.zheng/pty-chi/modeling_exp/MI300X/R2000/ad_ptycho/e1_bs1000.log,6.4,136.52941176470588,125.0,207.0,871.7,34,/home/zhong.zheng/pty-chi/modeling_exp/MI300X/R2000/ad_ptycho/e1_bs1000_power.csv,8192000,3.225976,0.065472,3.2914480000000004,2,True,1720320.0,0.00172032,3.44064,False
MI300X,R2000,ad_ptycho,2,1000,2000,64,64,64,3.257083,0.004854,0.059312,3.337896,0.0,6.659656,/home/zhong.zheng/pty-chi/modeling_exp/MI300X/R2000/ad_ptycho/e2_bs1000.log,6.4,135.35294117647058,125.0,207.0,865.7,34,/home/zhong.zheng/pty-chi/modeling_exp/MI300X/R2000/ad_ptycho/e2_bs1000_power.csv,8192000,3.257083,0.064166,3.321249,2,False,1720320.0,0.00172032,6.88128,True
MI300X,R2000,ad_ptycho,4,1000,2000,64,64,64,3.255175,0.004851,0.060521,3.45726,0.0,6.778317,/home/zhong.zheng/pty-chi/modeling_exp/MI300X/R2000/ad_ptycho/e4_bs1000.log,6.6,139.5142857142857,125.0,246.0,914.4999999999999,35,/home/zhong.zheng/pty-chi/modeling_exp/MI300X/R2000/ad_ptycho/e4_bs1000_power.csv,8192000,3.255175,0.065372,3.320547,2,False,1720320.0,0.00172032,13.76256,True
MI300X,R2000,ad_ptycho,6,1000,2000,64,64,64,3.279907,0.004767,0.060153,3.539034,0.0,6.884834,/home/zhong.zheng/pty-chi/modeling_exp/MI300X/R2000/ad_ptycho/e6_bs1000.log,6.6,138.74285714285713,125.0,250.0,908.6999999999999,35,/home/zhong.zheng/pty-chi/modeling_exp/MI300X/R2000/ad_ptycho/e6_bs1000_power.csv,8192000,3.279907,0.06492,3.3448270000000004,2,False,1720320.0,0.00172032,20.64384,True
MI300X,R2000,bh,1,1000,2000,64,64,64,3.242262,0.004731,0.059832,6.160072,0.0,9.467645,/home/zhong.zheng/pty-chi/modeling_exp/MI300X/R2000/bh/e1_bs1000.log,9.2,134.25,125.0,205.0,1238.5999999999997,48,/home/zhong.zheng/pty-chi/modeling_exp/MI300X/R2000/bh/e1_bs1000_power.csv,8192000,3.242262,0.06456300000000001,3.3068250000000003,2,True,1146880.0,0.00114688,2.29376,False
MI300X,R2000,bh,2,1000,2000,64,64,64,3.245533,0.004913,0.062288,6.408989,0.0,9.72221,/home/zhong.zheng/pty-chi/modeling_exp/MI300X/R2000/bh/e2_bs1000.log,9.6,135.54,125.0,223.0,1295.5999999999997,50,/home/zhong.zheng/pty-chi/modeling_exp/MI300X/R2000/bh/e2_bs1000_power.csv,8192000,3.245533,0.067201,3.3127340000000003,2,False,1146880.0,0.00114688,4.58752,True
MI300X,R2000,bh,4,1000,2000,64,64,64,3.25771,0.004717,0.060196,6.413415,0.0,9.736661,/home/zhong.zheng/pty-chi/modeling_exp/MI300X/R2000/bh/e4_bs1000.log,9.6,137.62,125.0,258.0,1311.9999999999998,50,/home/zhong.zheng/pty-chi/modeling_exp/MI300X/R2000/bh/e4_bs1000_power.csv,8192000,3.25771,0.064913,3.3226229999999997,2,False,1146880.0,0.00114688,9.17504,True
MI300X,R2000,bh,6,1000,2000,64,64,64,3.254004,0.004923,0.060699,6.504124,0.0,9.824811,/home/zhong.zheng/pty-chi/modeling_exp/MI300X/R2000/bh/e6_bs1000.log,9.61,137.26,125.0,267.0,1308.5699999999997,50,/home/zhong.zheng/pty-chi/modeling_exp/MI300X/R2000/bh/e6_bs1000_power.csv,8192000,3.254004,0.065622,3.319626,2,False,1146880.0,0.00114688,13.76256,True
MI300X,R2000,dm,1,1000,2000,64,64,64,3.241352,0.006437,0.05957,3.262473,0.0,6.57063,/home/zhong.zheng/pty-chi/modeling_exp/MI300X/R2000/dm/e1_bs1000.log,6.4,138.02941176470588,126.0,211.0,884.0,34,/home/zhong.zheng/pty-chi/modeling_exp/MI300X/R2000/dm/e1_bs1000_power.csv,8192000,3.241352,0.066007,3.307359,2,True,1474560.0,0.00147456,2.94912,False
MI300X,R2000,dm,2,1000,2000,64,64,64,3.261435,0.006504,0.064279,3.320268,0.0,6.653021,/home/zhong.zheng/pty-chi/modeling_exp/MI300X/R2000/dm/e2_bs1000.log,6.4,135.8235294117647,126.0,208.0,871.5,34,/home/zhong.zheng/pty-chi/modeling_exp/MI300X/R2000/dm/e2_bs1000_power.csv,8192000,3.261435,0.070783,3.332218,2,False,1474560.0,0.00147456,5.89824,True
MI300X,R2000,dm,4,1000,2000,64,64,64,3.227407,0.006322,0.061288,3.40886,0.0,6.704429,/home/zhong.zheng/pty-chi/modeling_exp/MI300X/R2000/dm/e4_bs1000.log,6.6,142.05714285714285,125.0,269.0,929.6999999999999,35,/home/zhong.zheng/pty-chi/modeling_exp/MI300X/R2000/dm/e4_bs1000_power.csv,8192000,3.227407,0.06761,3.2950169999999996,2,False,1474560.0,0.00147456,11.79648,True
MI300X,R2000,dm,6,1000,2000,64,64,64,3.263944,0.006204,0.060866,3.676973,0.0,7.008574,/home/zhong.zheng/pty-chi/modeling_exp/MI300X/R2000/dm/e6_bs1000.log,6.8,144.13888888888889,125.0,256.0,975.6,36,/home/zhong.zheng/pty-chi/modeling_exp/MI300X/R2000/dm/e6_bs1000_power.csv,8192000,3.263944,0.06707,3.3310139999999997,2,False,1474560.0,0.00147456,17.69472,True
MI300X,R2000,lsqml,1,1000,2000,64,64,64,3.232312,0.00493,0.062319,3.20931,0.0,6.509809,/home/zhong.zheng/pty-chi/modeling_exp/MI300X/R2000/lsqml/e1_bs1000.log,6.4,137.44117647058823,125.0,206.0,879.5,34,/home/zhong.zheng/pty-chi/modeling_exp/MI300X/R2000/lsqml/e1_bs1000_power.csv,8192000,3.232312,0.067249,3.2995609999999997,2,True,983040.0,0.00098304,1.96608,False
MI300X,R2000,lsqml,2,1000,2000,64,64,64,3.245222,0.004707,0.059207,3.336589,0.0,6.646292,/home/zhong.zheng/pty-chi/modeling_exp/MI300X/R2000/lsqml/e2_bs1000.log,6.4,136.91176470588235,125.0,208.0,877.6,34,/home/zhong.zheng/pty-chi/modeling_exp/MI300X/R2000/lsqml/e2_bs1000_power.csv,8192000,3.245222,0.063914,3.3091359999999996,2,False,983040.0,0.00098304,3.93216,True
MI300X,R2000,lsqml,4,1000,2000,64,64,64,3.235235,0.004722,0.059648,3.456568,0.0,6.756649,/home/zhong.zheng/pty-chi/modeling_exp/MI300X/R2000/lsqml/e4_bs1000.log,6.6,140.0,125.0,247.0,917.5,35,/home/zhong.zheng/pty-chi/modeling_exp/MI300X/R2000/lsqml/e4_bs1000_power.csv,8192000,3.235235,0.06437,3.299605,2,False,983040.0,0.00098304,7.86432,True
MI300X,R2000,lsqml,6,1000,2000,64,64,64,3.239558,0.004742,0.060238,3.610562,0.0,6.915603,/home/zhong.zheng/pty-chi/modeling_exp/MI300X/R2000/lsqml/e6_bs1000.log,6.8,143.25,125.0,265.0,967.4,36,/home/zhong.zheng/pty-chi/modeling_exp/MI300X/R2000/lsqml/e6_bs1000_power.csv,8192000,3.239558,0.06498,3.304538,2,False,983040.0,0.00098304,11.79648,True
MI300X,R2000,pie,1,1000,2000,64,64,64,3.231112,0.004665,0.061001,11.970839,0.0,15.26837,/home/zhong.zheng/pty-chi/modeling_exp/MI300X/R2000/pie/e1_bs1000.log,15.01,181.03896103896105,125.0,218.0,2730.9699999999993,77,/home/zhong.zheng/pty-chi/modeling_exp/MI300X/R2000/pie/e1_bs1000_power.csv,8192000,3.231112,0.065666,3.296778,2,True,819200.0,0.0008192,1.6384,False
MI300X,R2000,pie,2,1000,2000,64,64,64,3.23049,0.004784,0.058704,20.758193,0.0,24.052634,/home/zhong.zheng/pty-chi/modeling_exp/MI300X/R2000/pie/e2_bs1000.log,23.81,194.93388429752065,125.0,219.0,4659.67,121,/home/zhong.zheng/pty-chi/modeling_exp/MI300X/R2000/pie/e2_bs1000_power.csv,8192000,3.23049,0.063488,3.293978,2,False,819200.0,0.0008192,3.2768,True
MI300X,R2000,pie,4,1000,2000,64,64,64,3.354629,0.004709,0.060609,37.275141,0.0,40.695836,/home/zhong.zheng/pty-chi/modeling_exp/MI300X/R2000/pie/e4_bs1000.log,40.42,204.38725490196077,125.0,227.0,8283.675,204,/home/zhong.zheng/pty-chi/modeling_exp/MI300X/R2000/pie/e4_bs1000_power.csv,8192000,3.354629,0.065318,3.419947,2,False,819200.0,0.0008192,6.5536,True
MI300X,R2000,pie,6,1000,2000,64,64,64,3.231813,0.004721,0.060291,54.893368,0.0,58.190674,/home/zhong.zheng/pty-chi/modeling_exp/MI300X/R2000/pie/e6_bs1000.log,58.02,209.38698630136986,126.0,223.0,12172.58,292,/home/zhong.zheng/pty-chi/modeling_exp/MI300X/R2000/pie/e6_bs1000_power.csv,8192000,3.231813,0.065012,3.2968249999999997,2,False,819200.0,0.0008192,9.8304,True
MI300X,R4000,ad_ptycho,1,1000,4000,64,64,64,3.325713,0.005029,0.064554,3.361649,0.0,6.757418,/home/zhong.zheng/pty-chi/modeling_exp/MI300X/R4000/ad_ptycho/e1_bs1000.log,6.6,136.85714285714286,125.0,216.0,898.9,35,/home/zhong.zheng/pty-chi/modeling_exp/MI300X/R4000/ad_ptycho/e1_bs1000_power.csv,16384000,3.325713,0.069583,3.395296,4,True,1720320.0,0.00172032,6.88128,False
MI300X,R4000,ad_ptycho,2,1000,4000,64,64,64,3.334292,0.004884,0.062594,3.461962,0.0,6.864798,/home/zhong.zheng/pty-chi/modeling_exp/MI300X/R4000/ad_ptycho/e2_bs1000.log,6.6,137.9142857142857,125.0,219.0,906.0,35,/home/zhong.zheng/pty-chi/modeling_exp/MI300X/R4000/ad_ptycho/e2_bs1000_power.csv,16384000,3.334292,0.067478,3.40177,4,False,1720320.0,0.00172032,13.76256,True
MI300X,R4000,ad_ptycho,4,1000,4000,64,64,64,3.313999,0.004794,0.062673,3.689514,0.0,7.071564,/home/zhong.zheng/pty-chi/modeling_exp/MI300X/R4000/ad_ptycho/e4_bs1000.log,6.8,141.47222222222223,125.0,268.0,954.3000000000001,36,/home/zhong.zheng/pty-chi/modeling_exp/MI300X/R4000/ad_ptycho/e4_bs1000_power.csv,16384000,3.313999,0.067467,3.381466,4,False,1720320.0,0.00172032,27.52512,True
MI300X,R4000,ad_ptycho,6,1000,4000,64,64,64,3.3211,0.004805,0.062481,3.905603,0.0,7.294845,/home/zhong.zheng/pty-chi/modeling_exp/MI300X/R4000/ad_ptycho/e6_bs1000.log,7.0,144.40540540540542,125.0,268.0,1004.7,37,/home/zhong.zheng/pty-chi/modeling_exp/MI300X/R4000/ad_ptycho/e6_bs1000_power.csv,16384000,3.3211,0.067286,3.388386,4,False,1720320.0,0.00172032,41.28768,True
MI300X,R4000,bh,1,1000,4000,64,64,64,3.323867,0.004771,0.062876,6.243232,0.0,9.635619,/home/zhong.zheng/pty-chi/modeling_exp/MI300X/R4000/bh/e1_bs1000.log,9.4,133.77551020408163,125.0,207.0,1257.8000000000002,49,/home/zhong.zheng/pty-chi/modeling_exp/MI300X/R4000/bh/e1_bs1000_power.csv,16384000,3.323867,0.067647,3.391514,4,True,1146880.0,0.00114688,4.58752,False
MI300X,R4000,bh,2,1000,4000,64,64,64,3.320097,0.004784,0.063482,6.374866,0.0,9.763754,/home/zhong.zheng/pty-chi/modeling_exp/MI300X/R4000/bh/e2_bs1000.log,9.6,136.74,125.0,250.0,1304.8999999999999,50,/home/zhong.zheng/pty-chi/modeling_exp/MI300X/R4000/bh/e2_bs1000_power.csv,16384000,3.320097,0.068266,3.388363,4,False,1146880.0,0.00114688,9.17504,True
MI300X,R4000,bh,4,1000,4000,64,64,64,3.324296,0.004713,0.063519,6.630259,0.0,10.023296,/home/zhong.zheng/pty-chi/modeling_exp/MI300X/R4000/bh/e4_bs1000.log,9.8,139.62745098039215,125.0,280.0,1358.7,51,/home/zhong.zheng/pty-chi/modeling_exp/MI300X/R4000/bh/e4_bs1000_power.csv,16384000,3.324296,0.068232,3.392528,4,False,1146880.0,0.00114688,18.35008,True
MI300X,R4000,bh,6,1000,4000,64,64,64,3.344553,0.004806,0.062351,6.879448,0.0,10.292044,/home/zhong.zheng/pty-chi/modeling_exp/MI300X/R4000/bh/e6_bs1000.log,10.01,140.65384615384616,125.0,280.0,1400.0849999999998,52,/home/zhong.zheng/pty-chi/modeling_exp/MI300X/R4000/bh/e6_bs1000_power.csv,16384000,3.344553,0.067157,3.41171,4,False,1146880.0,0.00114688,27.52512,True
MI300X,R4000,dm,1,1000,4000,64,64,64,3.324033,0.007879,0.063545,3.290931,0.0,6.687256,/home/zhong.zheng/pty-chi/modeling_exp/MI300X/R4000/dm/e1_bs1000.log,6.4,137.08823529411765,127.0,210.0,881.4,34,/home/zhong.zheng/pty-chi/modeling_exp/MI300X/R4000/dm/e1_bs1000_power.csv,16384000,3.324033,0.071424,3.395457,4,True,1474560.0,0.00147456,5.89824,False
MI300X,R4000,dm,2,1000,4000,64,64,64,3.326924,0.007407,0.063576,3.55357,0.0,6.95204,/home/zhong.zheng/pty-chi/modeling_exp/MI300X/R4000/dm/e2_bs1000.log,6.8,140.91666666666666,126.0,217.0,957.0999999999999,36,/home/zhong.zheng/pty-chi/modeling_exp/MI300X/R4000/dm/e2_bs1000_power.csv,16384000,3.326924,0.07098299999999999,3.397907,4,False,1474560.0,0.00147456,11.79648,True
MI300X,R4000,dm,4,1000,4000,64,64,64,3.325577,0.007807,0.063075,3.811743,0.0,7.208732,/home/zhong.zheng/pty-chi/modeling_exp/MI300X/R4000/dm/e4_bs1000.log,7.0,143.48648648648648,126.0,275.0,996.5000000000001,37,/home/zhong.zheng/pty-chi/modeling_exp/MI300X/R4000/dm/e4_bs1000_power.csv,16384000,3.325577,0.070882,3.396459,4,False,1474560.0,0.00147456,23.59296,True
MI300X,R4000,dm,6,1000,4000,64,64,64,3.342436,0.007465,0.064474,4.064507,0.0,7.479367,/home/zhong.zheng/pty-chi/modeling_exp/MI300X/R4000/dm/e6_bs1000.log,7.21,149.02631578947367,125.0,289.0,1067.165,38,/home/zhong.zheng/pty-chi/modeling_exp/MI300X/R4000/dm/e6_bs1000_power.csv,16384000,3.342436,0.071939,3.414375,4,False,1474560.0,0.00147456,35.38944,True
MI300X,R4000,lsqml,1,1000,4000,64,64,64,3.345489,0.004759,0.062881,3.278627,0.0,6.692778,/home/zhong.zheng/pty-chi/modeling_exp/MI300X/R4000/lsqml/e1_bs1000.log,6.4,135.26470588235293,125.0,211.0,869.4000000000001,34,/home/zhong.zheng/pty-chi/modeling_exp/MI300X/R4000/lsqml/e1_bs1000_power.csv,16384000,3.345489,0.06764,3.413129,4,True,983040.0,0.00098304,3.93216,False
MI300X,R4000,lsqml,2,1000,4000,64,64,64,3.311073,0.004947,0.063313,3.465772,0.0,6.845569,/home/zhong.zheng/pty-chi/modeling_exp/MI300X/R4000/lsqml/e2_bs1000.log,6.6,138.57142857142858,125.0,220.0,910.5,35,/home/zhong.zheng/pty-chi/modeling_exp/MI300X/R4000/lsqml/e2_bs1000_power.csv,16384000,3.311073,0.06825999999999999,3.379333,4,False,983040.0,0.00098304,7.86432,True
MI300X,R4000,lsqml,4,1000,4000,64,64,64,3.303585,0.004773,0.064218,3.737266,0.0,7.110386,/home/zhong.zheng/pty-chi/modeling_exp/MI300X/R4000/lsqml/e4_bs1000.log,6.81,141.75,125.0,258.0,956.9999999999999,36,/home/zhong.zheng/pty-chi/modeling_exp/MI300X/R4000/lsqml/e4_bs1000_power.csv,16384000,3.303585,0.068991,3.372576,4,False,983040.0,0.00098304,15.72864,True
MI300X,R4000,lsqml,6,1000,4000,64,64,64,3.329793,0.004856,0.063627,4.02209,0.0,7.420946,/home/zhong.zheng/pty-chi/modeling_exp/MI300X/R4000/lsqml/e6_bs1000.log,7.2,145.8421052631579,125.0,274.0,1043.5,38,/home/zhong.zheng/pty-chi/modeling_exp/MI300X/R4000/lsqml/e6_bs1000_power.csv,16384000,3.329793,0.068483,3.398276,4,False,983040.0,0.00098304,23.59296,True
MI300X,R4000,pie,1,1000,4000,64,64,64,3.321005,0.004925,0.063636,20.210055,0.0,23.600573,/home/zhong.zheng/pty-chi/modeling_exp/MI300X/R4000/pie/e1_bs1000.log,23.41,193.8235294117647,125.0,218.0,4555.874999999999,119,/home/zhong.zheng/pty-chi/modeling_exp/MI300X/R4000/pie/e1_bs1000_power.csv,16384000,3.321005,0.068561,3.389566,4,True,819200.0,0.0008192,3.2768,False
MI300X,R4000,pie,2,1000,4000,64,64,64,3.318525,0.004818,0.063867,37.00064,0.0,40.388609,/home/zhong.zheng/pty-chi/modeling_exp/MI300X/R4000/pie/e2_bs1000.log,40.22,204.38916256157634,125.0,224.0,8243.169999999998,203,/home/zhong.zheng/pty-chi/modeling_exp/MI300X/R4000/pie/e2_bs1000_power.csv,16384000,3.318525,0.068685,3.3872100000000005,4,False,819200.0,0.0008192,6.5536,True
MI300X,R4000,pie,4,1000,4000,64,64,64,3.351104,0.004763,0.06362,71.15944,0.0,74.58013,/home/zhong.zheng/pty-chi/modeling_exp/MI300X/R4000/pie/e4_bs1000.log,74.23,211.67560321715817,126.0,229.0,15737.880000000001,373,/home/zhong.zheng/pty-chi/modeling_exp/MI300X/R4000/pie/e4_bs1000_power.csv,16384000,3.351104,0.068383,3.4194869999999997,4,False,819200.0,0.0008192,13.1072,True
MI300X,R4000,pie,6,1000,4000,64,64,64,3.312942,0.004752,0.062584,107.279336,0.0,110.66039,/home/zhong.zheng/pty-chi/modeling_exp/MI300X/R4000/pie/e6_bs1000.log,110.44,214.5523465703971,126.0,235.0,23721.054999999997,554,/home/zhong.zheng/pty-chi/modeling_exp/MI300X/R4000/pie/e6_bs1000_power.csv,16384000,3.312942,0.06733600000000001,3.380278,4,False,819200.0,0.0008192,19.6608,True
MI300X,R8000,ad_ptycho,1,1000,8000,64,64,64,3.512532,0.004892,0.065385,3.534101,0.0,7.117441,/home/zhong.zheng/pty-chi/modeling_exp/MI300X/R8000/ad_ptycho/e1_bs1000.log,6.8,137.47222222222223,125.0,241.0,936.3999999999999,36,/home/zhong.zheng/pty-chi/modeling_exp/MI300X/R8000/ad_ptycho/e1_bs1000_power.csv,32768000,3.512532,0.07027699999999999,3.582809,8,True,1720320.0,0.00172032,13.76256,False
MI300X,R8000,ad_ptycho,2,1000,8000,64,64,64,3.491151,0.00494,0.064653,3.745157,0.0,7.306425,/home/zhong.zheng/pty-chi/modeling_exp/MI300X/R8000/ad_ptycho/e2_bs1000.log,7.0,141.24324324324326,125.0,240.0,983.7,37,/home/zhong.zheng/pty-chi/modeling_exp/MI300X/R8000/ad_ptycho/e2_bs1000_power.csv,32768000,3.491151,0.069593,3.5607439999999997,8,False,1720320.0,0.00172032,27.52512,True
MI300X,R8000,ad_ptycho,4,1000,8000,64,64,64,3.498586,0.004929,0.065615,4.194356,0.0,7.763988,/home/zhong.zheng/pty-chi/modeling_exp/MI300X/R8000/ad_ptycho/e4_bs1000.log,7.6,151.525,125.0,288.0,1146.2999999999997,40,/home/zhong.zheng/pty-chi/modeling_exp/MI300X/R8000/ad_ptycho/e4_bs1000_power.csv,32768000,3.498586,0.07054400000000001,3.5691300000000004,8,False,1720320.0,0.00172032,55.05024,True
MI300X,R8000,ad_ptycho,6,1000,8000,64,64,64,3.528554,0.004872,0.066446,4.645985,0.0,8.246778,/home/zhong.zheng/pty-chi/modeling_exp/MI300X/R8000/ad_ptycho/e6_bs1000.log,8.0,157.21428571428572,125.0,286.0,1256.7,42,/home/zhong.zheng/pty-chi/modeling_exp/MI300X/R8000/ad_ptycho/e6_bs1000_power.csv,32768000,3.528554,0.071318,3.5998720000000004,8,False,1720320.0,0.00172032,82.57536,True
MI300X,R8000,bh,1,1000,8000,64,64,64,3.50353,0.004827,0.064685,6.475871,0.0,10.049764,/home/zhong.zheng/pty-chi/modeling_exp/MI300X/R8000/bh/e1_bs1000.log,9.81,137.3921568627451,125.0,239.0,1344.575,51,/home/zhong.zheng/pty-chi/modeling_exp/MI300X/R8000/bh/e1_bs1000_power.csv,32768000,3.50353,0.069512,3.573042,8,True,1146880.0,0.00114688,9.17504,False
MI300X,R8000,bh,2,1000,8000,64,64,64,3.500438,0.004842,0.065247,6.649338,0.0,10.220421,/home/zhong.zheng/pty-chi/modeling_exp/MI300X/R8000/bh/e2_bs1000.log,10.01,140.07692307692307,125.0,268.0,1392.4999999999998,52,/home/zhong.zheng/pty-chi/modeling_exp/MI300X/R8000/bh/e2_bs1000_power.csv,32768000,3.500438,0.070089,3.570527,8,False,1146880.0,0.00114688,18.35008,True
MI300X,R8000,bh,4,1000,8000,64,64,64,3.48559,0.004813,0.065562,7.099445,0.0,10.655943,/home/zhong.zheng/pty-chi/modeling_exp/MI300X/R8000/bh/e4_bs1000.log,10.41,145.64814814814815,125.0,289.0,1511.0599999999997,54,/home/zhong.zheng/pty-chi/modeling_exp/MI300X/R8000/bh/e4_bs1000_power.csv,32768000,3.48559,0.070375,3.555965,8,False,1146880.0,0.00114688,36.70016,True
MI300X,R8000,bh,6,1000,8000,64,64,64,3.53751,0.005155,0.067798,7.694066,0.0,11.305369,/home/zhong.zheng/pty-chi/modeling_exp/MI300X/R8000/bh/e6_bs1000.log,11.01,150.12280701754386,124.0,294.0,1647.9499999999998,57,/home/zhong.zheng/pty-chi/modeling_exp/MI300X/R8000/bh/e6_bs1000_power.csv,32768000,3.53751,0.07295299999999999,3.6104629999999998,8,False,1146880.0,0.00114688,55.05024,True
MI300X,R8000,dm,1,1000,8000,64,64,64,3.50164,0.01062,0.067131,3.624003,0.0,7.204248,/home/zhong.zheng/pty-chi/modeling_exp/MI300X/R8000/dm/e1_bs1000.log,7.0,143.1081081081081,126.0,279.0,993.0,37,/home/zhong.zheng/pty-chi/modeling_exp/MI300X/R8000/dm/e1_bs1000_power.csv,32768000,3.50164,0.077751,3.5793909999999998,8,True,1474560.0,0.00147456,11.79648,False
MI300X,R8000,dm,2,1000,8000,64,64,64,3.479031,0.010171,0.066763,3.851954,0.0,7.408431,/home/zhong.zheng/pty-chi/modeling_exp/MI300X/R8000/dm/e2_bs1000.log,7.2,144.97368421052633,126.0,253.0,1041.6000000000001,38,/home/zhong.zheng/pty-chi/modeling_exp/MI300X/R8000/dm/e2_bs1000_power.csv,32768000,3.479031,0.076934,3.555965,8,False,1474560.0,0.00147456,23.59296,True
MI300X,R8000,dm,4,1000,8000,64,64,64,3.50379,0.011427,0.069816,4.356941,0.0,7.942512,/home/zhong.zheng/pty-chi/modeling_exp/MI300X/R8000/dm/e4_bs1000.log,7.8,156.3658536585366,126.0,314.0,1213.0,41,/home/zhong.zheng/pty-chi/modeling_exp/MI300X/R8000/dm/e4_bs1000_power.csv,32768000,3.50379,0.08124300000000001,3.5850329999999997,8,False,1474560.0,0.00147456,47.18592,True
MI300X,R8000,dm,6,1000,8000,64,64,64,3.485098,0.010388,0.068364,4.933547,0.0,8.498019,/home/zhong.zheng/pty-chi/modeling_exp/MI300X/R8000/dm/e6_bs1000.log,8.2,157.37209302325581,125.0,312.0,1291.3999999999999,43,/home/zhong.zheng/pty-chi/modeling_exp/MI300X/R8000/dm/e6_bs1000_power.csv,32768000,3.485098,0.07875199999999999,3.5638499999999995,8,False,1474560.0,0.00147456,70.77888,True
MI300X,R8000,lsqml,1,1000,8000,64,64,64,3.505238,0.004882,0.06685,3.456649,0.0,7.0346,/home/zhong.zheng/pty-chi/modeling_exp/MI300X/R8000/lsqml/e1_bs1000.log,6.8,139.08333333333334,125.0,243.0,947.0,36,/home/zhong.zheng/pty-chi/modeling_exp/MI300X/R8000/lsqml/e1_bs1000_power.csv,32768000,3.505238,0.071732,3.5769699999999998,8,True,983040.0,0.00098304,7.86432,False
MI300X,R8000,lsqml,2,1000,8000,64,64,64,3.485043,0.004872,0.065704,3.778016,0.0,7.334231,/home/zhong.zheng/pty-chi/modeling_exp/MI300X/R8000/lsqml/e2_bs1000.log,7.21,144.57894736842104,125.0,267.0,1034.3,38,/home/zhong.zheng/pty-chi/modeling_exp/MI300X/R8000/lsqml/e2_bs1000_power.csv,32768000,3.485043,0.070576,3.5556190000000005,8,False,983040.0,0.00098304,15.72864,True
MI300X,R8000,lsqml,4,1000,8000,64,64,64,3.497211,0.004896,0.066663,4.315314,0.0,7.884698,/home/zhong.zheng/pty-chi/modeling_exp/MI300X/R8000/lsqml/e4_bs1000.log,7.6,151.075,125.0,282.0,1143.9,40,/home/zhong.zheng/pty-chi/modeling_exp/MI300X/R8000/lsqml/e4_bs1000_power.csv,32768000,3.497211,0.071559,3.56877,8,False,983040.0,0.00098304,31.45728,True
MI300X,R8000,lsqml,6,1000,8000,64,64,64,3.584918,0.004895,0.06634,4.796468,0.0,8.453304,/home/zhong.zheng/pty-chi/modeling_exp/MI300X/R8000/lsqml/e6_bs1000.log,8.2,157.8139534883721,125.0,288.0,1292.0999999999997,43,/home/zhong.zheng/pty-chi/modeling_exp/MI300X/R8000/lsqml/e6_bs1000_power.csv,32768000,3.584918,0.07123499999999999,3.6561529999999998,8,False,983040.0,0.00098304,47.18592,True
MI300X,R8000,pie,1,1000,8000,64,64,64,3.496101,0.004828,0.06515,38.009684,0.0,41.576625,/home/zhong.zheng/pty-chi/modeling_exp/MI300X/R8000/pie/e1_bs1000.log,41.42,205.45454545454547,125.0,233.0,8533.189999999999,209,/home/zhong.zheng/pty-chi/modeling_exp/MI300X/R8000/pie/e1_bs1000_power.csv,32768000,3.496101,0.069978,3.5660789999999998,8,True,819200.0,0.0008192,6.5536,False
MI300X,R8000,pie,2,1000,8000,64,64,64,3.524795,0.004873,0.065556,74.618807,0.0,78.214687,/home/zhong.zheng/pty-chi/modeling_exp/MI300X/R8000/pie/e2_bs1000.log,78.03,214.70663265306123,125.0,245.0,16779.46,392,/home/zhong.zheng/pty-chi/modeling_exp/MI300X/R8000/pie/e2_bs1000_power.csv,32768000,3.524795,0.070429,3.595224,8,False,819200.0,0.0008192,13.1072,True
MI300X,R8000,pie,4,1000,8000,64,64,64,3.519682,0.004824,0.066775,141.627795,0.0,145.220057,/home/zhong.zheng/pty-chi/modeling_exp/MI300X/R8000/pie/e4_bs1000.log,145.06,218.88583218707015,126.0,245.0,31777.805000000004,727,/home/zhong.zheng/pty-chi/modeling_exp/MI300X/R8000/pie/e4_bs1000_power.csv,32768000,3.519682,0.071599,3.591281,8,False,819200.0,0.0008192,26.2144,True
MI300X,R8000,pie,6,1000,8000,64,64,64,3.498705,0.004852,0.066339,204.767723,0.0,208.338351,/home/zhong.zheng/pty-chi/modeling_exp/MI300X/R8000/pie/e6_bs1000.log,208.09,220.61324376199616,126.0,244.0,45935.380000000005,1042,/home/zhong.zheng/pty-chi/modeling_exp/MI300X/R8000/pie/e6_bs1000_power.csv,32768000,3.498705,0.07119099999999999,3.5698960000000004,8,False,819200.0,0.0008192,39.3216,True
